operator_id,name_cn,name_key,char_id,rarity,profession,branch,source_page,portrait_source,portrait_source_type,portrait_sha256,palette_version
op-003,伊内丝,ines,char_4087_ines,6,先锋,情报官,https://prts.wiki/w/%E4%BC%8A%E5%86%85%E4%B8%9D,https://raw.githubusercontent.com/Aceship/Arknight-Images/main/characters/char_4087_ines_2.png,portrait,be43e351df3746fb3f46ca17e35672fb4e51a05c66561b79035cc530f48fbacb,0.1.0
op-004,伺夜,vigil,char_427_vigil,6,先锋,战术家,https://prts.wiki/w/%E4%BC%BA%E5%A4%9C,https://raw.githubusercontent.com/Aceship/Arknight-Images/main/characters/char_427_vigil_2.png,portrait,e92405144071a2e9c83cdfa62dd83d68592d49edaa49b5d94824d04bca695d8b,0.1.0
op-007,凛御银灰,svash2,char_1045_svash2,6,先锋,策士,https://prts.wiki/w/%E5%87%9B%E5%BE%A1%E9%93%B6%E7%81%B0,F:\1_Projects\其它\arknights-ranking-lab\public\operators\avatars\op-007.webp,avatar,feae221fa54cca2f16a9079c58080cf2e7f3c9fc9565796a020d999895f3d4b4,0.1.0
op-012,嵯峨,saga,char_362_saga,6,先锋,尖兵,https://prts.wiki/w/%E5%B5%AF%E5%B3%A8,https://raw.githubusercontent.com/Aceship/Arknight-Images/main/characters/char_362_saga_2.png,portrait,afe15d104a6ee7858c506501d88a4a5e0032037c8916daba85305923206196cd,0.1.0
op-014,忍冬,vulpis,char_4026_vulpis,6,先锋,尖兵,https://prts.wiki/w/%E5%BF%8D%E5%86%AC,F:\1_Projects\其它\arknights-ranking-lab\public\operators\avatars\op-014.webp,avatar,cbb5832e73635e12b454d742e39009086cddb5390543d4ba8c0014c75b60e092,0.1.0
op-015,推进之王,siege,char_112_siege,6,先锋,尖兵,https://prts.wiki/w/%E6%8E%A8%E8%BF%9B%E4%B9%8B%E7%8E%8B,https://raw.githubusercontent.com/Aceship/Arknight-Images/main/characters/char_112_siege_2.png,portrait,520ba94950a38ac3bbb9c12f9df2252bb05de5d9e271577859dd95f2ac4cbc08,0.1.0
op-023,焰尾,flamtl,char_420_flamtl,6,先锋,尖兵,https://prts.wiki/w/%E7%84%B0%E5%B0%BE,https://raw.githubusercontent.com/Aceship/Arknight-Images/main/characters/char_420_flamtl_2.png,portrait,9d828ff58a725372ad865d00add0b2c3db55f7b47421be2eef859cb6652b9282,0.1.0
op-024,琴柳,sleach,char_479_sleach,6,先锋,执旗手,https://prts.wiki/w/%E7%90%B4%E6%9F%B3,https://raw.githubusercontent.com/Aceship/Arknight-Images/main/characters/char_479_sleach_2.png,portrait,7dc614673a6b555034fa2c32c03886f0a4f29c9fe4dfb0c0520fbb74b124b4fb,0.1.0
op-027,缪尔赛思,mlyss,char_249_mlyss,6,先锋,战术家,https://prts.wiki/w/%E7%BC%AA%E5%B0%94%E8%B5%9B%E6%80%9D,https://raw.githubusercontent.com/Aceship/Arknight-Images/main/characters/char_249_mlyss_2.png,portrait,c32321df95c8ce3bed3dd3cb6e3a965f1ea91d7cec44763acf9028abe8d36509,0.1.0
op-037,风笛,bpipe,char_222_bpipe,6,先锋,冲锋手,https://prts.wiki/w/%E9%A3%8E%E7%AC%9B,https://raw.githubusercontent.com/Aceship/Arknight-Images/main/characters/char_222_bpipe_2.png,portrait,c4bde48499b46a640c51e623efbe7e68259183ce0f37f279790f6822e309a47c,0.1.0
op-041,丰川祥子,oblvns,char_4182_oblvns,6,近卫,领主,https://prts.wiki/w/%E4%B8%B0%E5%B7%9D%E7%A5%A5%E5%AD%90,F:\1_Projects\其它\arknights-ranking-lab\public\operators\avatars\op-041.webp,avatar,feddb548bafe775ac57547980f4eb08c4d24696b764745447c740968446b3bf0,0.1.0
op-042,乌尔比安,ulpia,char_4145_ulpia,6,近卫,重剑手,https://prts.wiki/w/%E4%B9%8C%E5%B0%94%E6%AF%94%E5%AE%89,F:\1_Projects\其它\arknights-ranking-lab\public\operators\avatars\op-042.webp,avatar,e3f3552b92d6d9c64b09852db3e976a1746e31343f4e532edb16d0ca1991ebbf,0.1.0
op-043,仇白,qiubai,char_4082_qiubai,6,近卫,领主,https://prts.wiki/w/%E4%BB%87%E7%99%BD,https://raw.githubusercontent.com/Aceship/Arknight-Images/main/characters/char_4082_qiubai_2.png,portrait,8e92b7f6dacc53783379b6dc9d64d39dcc7b305fc38c8d2a5179bc788e8cc00d,0.1.0
op-045,佩佩,pepe,char_4058_pepe,6,近卫,撼地者,https://prts.wiki/w/%E4%BD%A9%E4%BD%A9,F:\1_Projects\其它\arknights-ranking-lab\public\operators\avatars\op-045.webp,avatar,b908cb6ca2e46ce6163bdb5843ee1ea590214e3e553639bcbcec6b2b1f83e1d2,0.1.0
op-048,史尔特尔,surtr,char_350_surtr,6,近卫,术战者,https://prts.wiki/w/%E5%8F%B2%E5%B0%94%E7%89%B9%E5%B0%94,https://raw.githubusercontent.com/Aceship/Arknight-Images/main/characters/char_350_surtr_2.png,portrait,8dfd03192cc3ab8a10e0aaa754954d7a120586c52104e2c5a8a4b9cfdfc7d5ce,0.1.0
op-049,司霆惊蛰,leizi2,char_1043_leizi2,6,近卫,解放者,https://prts.wiki/w/%E5%8F%B8%E9%9C%86%E6%83%8A%E8%9B%B0,F:\1_Projects\其它\arknights-ranking-lab\public\operators\avatars\op-049.webp,avatar,97c5d13da48c05aa3c46e70b40313bdad7ea8f76e8416788eea1471312270edc,0.1.0
op-052,圣约送葬人,excu2,char_1032_excu2,6,近卫,收割者,https://prts.wiki/w/%E5%9C%A3%E7%BA%A6%E9%80%81%E8%91%AC%E4%BA%BA,https://raw.githubusercontent.com/Aceship/Arknight-Images/main/characters/char_1032_excu2_2.png,portrait,07d19a566667eadbf3a92f1ce29f96c15faf4d8cee16a8725c2facb4d30e618b,0.1.0
op-056,山,f12yin,char_264_f12yin,6,近卫,斗士,https://prts.wiki/w/%E5%B1%B1,https://raw.githubusercontent.com/Aceship/Arknight-Images/main/characters/char_264_f12yin_2.png,portrait,07f051e4a32159eb83160d94fddca027f076cd281b57c30bd43485abc5e8b9c5,0.1.0
op-057,左乐,zuole,char_4121_zuole,6,近卫,武者,https://prts.wiki/w/%E5%B7%A6%E4%B9%90,https://raw.githubusercontent.com/Aceship/Arknight-Images/main/characters/char_4121_zuole_2.png,portrait,17f6145fe5cb0519bcd88d20143e311aca2bb9ddd8fc13bd5ba6dd9f2ae7386d,0.1.0
op-059,帕拉斯,pallas,char_485_pallas,6,近卫,教官,https://prts.wiki/w/%E5%B8%95%E6%8B%89%E6%96%AF,https://raw.githubusercontent.com/Aceship/Arknight-Images/main/characters/char_485_pallas_2.png,portrait,5ef48d6bf4ed88eefa4c407c3d76911ac024c11fe9b18f2b7c7a2120619c10a6,0.1.0
op-061,怒潮凛冬,headb2,char_1051_headb2,6,近卫,撼地者,https://prts.wiki/w/%E6%80%92%E6%BD%AE%E5%87%9B%E5%86%AC,F:\1_Projects\其它\arknights-ranking-lab\public\operators\avatars\op-061.webp,avatar,41959d03cc56f1ca9c27f2a4a5942eb0c4b0523c88669b340eb2d9bb98d9d5fa,0.1.0
op-076,棘刺,thorns,char_293_thorns,6,近卫,领主,https://prts.wiki/w/%E6%A3%98%E5%88%BA,https://raw.githubusercontent.com/Aceship/Arknight-Images/main/characters/char_293_thorns_2.png,portrait,9ea84d6be270f90b988280d09b8b489b53c77c2e8c3254c532baa380b7790c98,0.1.0
op-077,止颂,lessng,char_4011_lessng,6,近卫,无畏者,https://prts.wiki/w/%E6%AD%A2%E9%A2%82,https://raw.githubusercontent.com/Aceship/Arknight-Images/main/characters/char_4011_lessng_2.png,portrait,9d0dbef252558d7cb481c57e114ea73b86b9c26c5e1b5ee10b459d2ebf3ef936,0.1.0
op-083,煌,huang,char_017_huang,6,近卫,强攻手,https://prts.wiki/w/%E7%85%8C,https://raw.githubusercontent.com/Aceship/Arknight-Images/main/characters/char_017_huang_2.png,portrait,426cadb7bdfd05c712de253004c9d18b74f9c5b49e3f576569522ad27e759a72,0.1.0
op-086,玛恩纳,mlynar,char_4064_mlynar,6,近卫,解放者,https://prts.wiki/w/%E7%8E%9B%E6%81%A9%E7%BA%B3,https://raw.githubusercontent.com/Aceship/Arknight-Images/main/characters/char_4064_mlynar_2.png,portrait,992e70c0e0519064c95ed4e4335979cd8f4927d2b18cd2fba415628a28492a12,0.1.0
op-088,百炼嘉维尔,gvial2,char_1026_gvial2,6,近卫,强攻手,https://prts.wiki/w/%E7%99%BE%E7%82%BC%E5%98%89%E7%BB%B4%E5%B0%94,https://raw.githubusercontent.com/Aceship/Arknight-Images/main/characters/char_1026_gvial2_2.png,portrait,8889680894e75bd3a55347dffa25d05294901e4b0e6a91adc82261ce0796b226,0.1.0
op-091,维娜·维多利亚,siege2,char_1019_siege2,6,近卫,术战者,https://prts.wiki/w/%E7%BB%B4%E5%A8%9C%C2%B7%E7%BB%B4%E5%A4%9A%E5%88%A9%E4%BA%9A,F:\1_Projects\其它\arknights-ranking-lab\public\operators\avatars\op-091.webp,avatar,5303023f59e2dc5c3c78f7217bec544fc52da3dd428e22e194f1df6debd181f0,0.1.0
op-095,耀骑士临光,nearl2,char_1014_nearl2,6,近卫,无畏者,https://prts.wiki/w/%E8%80%80%E9%AA%91%E5%A3%AB%E4%B8%B4%E5%85%89,https://raw.githubusercontent.com/Aceship/Arknight-Images/main/characters/char_1014_nearl2_2.png,portrait,7d6c3a6352137ce0104c46a2dbf069483bb0fbaa077a1404a2e4aca3d178c38d,0.1.0
op-098,艾丽妮,irene,char_4009_irene,6,近卫,剑豪,https://prts.wiki/w/%E8%89%BE%E4%B8%BD%E5%A6%AE,https://raw.githubusercontent.com/Aceship/Arknight-Images/main/characters/char_4009_irene_2.png,portrait,f6020292ccae96227a3ea1e2029dff676cddee87a8baa5280887b895117c3bdd,0.1.0
op-103,薇薇安娜,vvana,char_4098_vvana,6,近卫,术战者,https://prts.wiki/w/%E8%96%87%E8%96%87%E5%AE%89%E5%A8%9C,https://raw.githubusercontent.com/Aceship/Arknight-Images/main/characters/char_4098_vvana_2.png,portrait,00666c008f8bf715baa85ccb3501413bb8702a8507ba357e73aa1e3dfaac499b,0.1.0
op-105,贝洛内,demetr,char_4037_demetr,6,近卫,斗士,https://prts.wiki/w/%E8%B4%9D%E6%B4%9B%E5%86%85,F:\1_Projects\其它\arknights-ranking-lab\public\operators\avatars\op-105.webp,avatar,4b0418a0f5761343101da51ea54a8e8c28102c115a519135e57157c4432d5fb9,0.1.0
op-107,赤刃明霄陈,chen3,char_1050_chen3,6,近卫,术战者,https://prts.wiki/w/%E8%B5%A4%E5%88%83%E6%98%8E%E9%9C%84%E9%99%88,F:\1_Projects\其它\arknights-ranking-lab\public\operators\avatars\op-107.webp,avatar,257e1f3d9fd9ed5b5cc4f4953e65a00dcb2585a6678a44ee6d90883f7963596f,0.1.0
op-108,赫德雷,hodrer,char_4088_hodrer,6,近卫,重剑手,https://prts.wiki/w/%E8%B5%AB%E5%BE%B7%E9%9B%B7,https://raw.githubusercontent.com/Aceship/Arknight-Images/main/characters/char_4088_hodrer_2.png,portrait,bfa10a932c37e2d083ec68d88067ee7647d0c9ed09ee11391766eac75d9b928d,0.1.0
op-109,赫拉格,helage,char_188_helage,6,近卫,武者,https://prts.wiki/w/%E8%B5%AB%E6%8B%89%E6%A0%BC,https://raw.githubusercontent.com/Aceship/Arknight-Images/main/characters/char_188_helage_2.png,portrait,cfa421a690aa22c0e2a3621f795ced004c918eef4336c903326ba0782180aa11,0.1.0
op-111,重岳,chyue,char_2024_chyue,6,近卫,斗士,https://prts.wiki/w/%E9%87%8D%E5%B2%B3,https://raw.githubusercontent.com/Aceship/Arknight-Images/main/characters/char_2024_chyue_2.png,portrait,8455d2f41d7fad6911a587b5e99210658857de3b607650ac5311beedbc43d14f,0.1.0
op-113,银灰,svrash,char_172_svrash,6,近卫,领主,https://prts.wiki/w/%E9%93%B6%E7%81%B0,https://raw.githubusercontent.com/Aceship/Arknight-Images/main/characters/char_172_svrash_2.png,portrait,07e86271851e4ff66838a03bd1a9f3e4c4348c8e80f59d8caf0f5dc21b52a48a,0.1.0
op-115,锏,blkkgt,char_4116_blkkgt,6,近卫,剑豪,https://prts.wiki/w/%E9%94%8F,https://raw.githubusercontent.com/Aceship/Arknight-Images/main/characters/char_4116_blkkgt_2.png,portrait,6ad9b3ddaf541ccc4f731f19e2caac091905f90d258bf4a0b044fe555acf6faf,0.1.0
op-117,陈,chen,char_010_chen,6,近卫,剑豪,https://prts.wiki/w/%E9%99%88,https://raw.githubusercontent.com/Aceship/Arknight-Images/main/characters/char_010_chen_2.png,portrait,6dc476dbf1f50926cd9bdc94bd9574ed299bd9fc918b54ba3f5813e09b91cd88,0.1.0
op-118,隐德来希,etlchi,char_4010_etlchi,6,近卫,收割者,https://prts.wiki/w/%E9%9A%90%E5%BE%B7%E6%9D%A5%E5%B8%8C,F:\1_Projects\其它\arknights-ranking-lab\public\operators\avatars\op-118.webp,avatar,559ba84c15f4324a3e7cd1aaa92737bf573e21f554cddc835bbaff66acaee63c,0.1.0
op-123,W,cqbw,char_113_cqbw,6,狙击,炮手,https://prts.wiki/w/W,https://raw.githubusercontent.com/Aceship/Arknight-Images/main/characters/char_113_cqbw_2.png,portrait,fb3d1ab80eef01837358eb909225df5e6f211d80cb766c6a4a3c1e987fe2d7f6,0.1.0
op-124,假日威龙陈,chen2,char_1013_chen2,6,狙击,散射手,https://prts.wiki/w/%E5%81%87%E6%97%A5%E5%A8%81%E9%BE%99%E9%99%88,https://raw.githubusercontent.com/Aceship/Arknight-Images/main/characters/char_1013_chen2_2.png,portrait,3abc74b7ff93c5df2fd8ca7aa2f5cda1617de92676ecb0974ac5b53f16da6b26,0.1.0
op-132,娜仁图亚,narant,char_4138_narant,6,狙击,回环射手,https://prts.wiki/w/%E5%A8%9C%E4%BB%81%E5%9B%BE%E4%BA%9A,F:\1_Projects\其它\arknights-ranking-lab\public\operators\avatars\op-132.webp,avatar,06eff9e32aeedf8066a3904a64ac4c5c84f53f5a3cc392b6f795c25b5a743ea2,0.1.0
op-143,提丰,typhon,char_2012_typhon,6,狙击,攻城手,https://prts.wiki/w/%E6%8F%90%E4%B8%B0,https://raw.githubusercontent.com/Aceship/Arknight-Images/main/characters/char_2012_typhon_2.png,portrait,40b68343a09563dec300c11efd436269bb13072978e3461f5f50cf9c69a52de6,0.1.0
op-144,早露,poca,char_197_poca,6,狙击,攻城手,https://prts.wiki/w/%E6%97%A9%E9%9C%B2,https://raw.githubusercontent.com/Aceship/Arknight-Images/main/characters/char_197_poca_2.png,portrait,4572b53af6785f76eeee68d8d86f8d2a87f373ca1e386612cd9a62d8b5b17d57,0.1.0
op-154,灰烬,ash,char_456_ash,6,狙击,速射手,https://prts.wiki/w/%E7%81%B0%E7%83%AC,https://raw.githubusercontent.com/Aceship/Arknight-Images/main/characters/char_456_ash_2.png,portrait,a5a1db2fec67d9227a8780ea658d571d3367470cdaefc9b72f44fd3fec71cd80,0.1.0
op-160,空弦,archet,char_332_archet,6,狙击,速射手,https://prts.wiki/w/%E7%A9%BA%E5%BC%A6,https://raw.githubusercontent.com/Aceship/Arknight-Images/main/characters/char_332_archet_2.png,portrait,f0ffffc5b1ba456ff44e8bd9c6f55fbc322c0786bdebd6b07274e378b472271c,0.1.0
op-163,维什戴尔,wisdel,char_1035_wisdel,6,狙击,投掷手,https://prts.wiki/w/%E7%BB%B4%E4%BB%80%E6%88%B4%E5%B0%94,https://raw.githubusercontent.com/Aceship/Arknight-Images/main/characters/char_1035_wisdel_2.png,portrait,d2e99fb6ef0877c9f9c2711bc6b8ed20b70c00672bda3ceb14218ebbfe82bde6,0.1.0
op-164,能天使,angel,char_103_angel,6,狙击,速射手,https://prts.wiki/w/%E8%83%BD%E5%A4%A9%E4%BD%BF,https://raw.githubusercontent.com/Aceship/Arknight-Images/main/characters/char_103_angel_2.png,portrait,91846fdac3a914641d87c7a4cff0d003feebab95c2f0335c0d5e1202a9ad28db,0.1.0
op-165,莱伊,ray,char_4117_ray,6,狙击,猎手,https://prts.wiki/w/%E8%8E%B1%E4%BC%8A,https://raw.githubusercontent.com/Aceship/Arknight-Images/main/characters/char_4117_ray_2.png,portrait,e8b4c64090c9f4feb8379d9804dd71098fd76bf8695bb53355fc3d278cde0f68,0.1.0
op-166,菲亚梅塔,phenxi,char_300_phenxi,6,狙击,炮手,https://prts.wiki/w/%E8%8F%B2%E4%BA%9A%E6%A2%85%E5%A1%94,https://raw.githubusercontent.com/Aceship/Arknight-Images/main/characters/char_300_phenxi_2.png,portrait,0d821f6aceb6083eefaec2a109c1e8ec258bcca36c6a0d207e74f0aa8cf5e692,0.1.0
op-168,蕾缪安,lemuen,char_4193_lemuen,6,狙击,神射手,https://prts.wiki/w/%E8%95%BE%E7%BC%AA%E5%AE%89,F:\1_Projects\其它\arknights-ranking-lab\public\operators\avatars\op-168.webp,avatar,2a69bb1352a93a3bfbbab3b60f3d10a1633af5b49911a33501e0915a30432f90,0.1.0
op-170,远牙,fartth,char_430_fartth,6,狙击,神射手,https://prts.wiki/w/%E8%BF%9C%E7%89%99,https://raw.githubusercontent.com/Aceship/Arknight-Images/main/characters/char_430_fartth_2.png,portrait,a620a012a0f0bea0efe63ece3577287e8bd15f965c774a7ca06b917c962a73c1,0.1.0
op-171,迷迭香,rosmon,char_391_rosmon,6,狙击,投掷手,https://prts.wiki/w/%E8%BF%B7%E8%BF%AD%E9%A6%99,https://raw.githubusercontent.com/Aceship/Arknight-Images/main/characters/char_391_rosmon_2.png,portrait,2f05809c30a9a72b1122a89dddaeee587c0349539f974f15b9520fad98871491,0.1.0
op-178,鸿雪,bgsnow,char_4055_bgsnow,6,狙击,重射手,https://prts.wiki/w/%E9%B8%BF%E9%9B%AA,https://raw.githubusercontent.com/Aceship/Arknight-Images/main/characters/char_4055_bgsnow_2.png,portrait,b090133213fc23f873486350e26d95de50afbda4b3dc5043043900fd003132d0,0.1.0
op-179,黑,shwaz,char_340_shwaz,6,狙击,重射手,https://prts.wiki/w/%E9%BB%91,https://raw.githubusercontent.com/Aceship/Arknight-Images/main/characters/char_340_shwaz_2.png,portrait,e4d12a30803aa9a83a8e2ec380b03aa8d2e41bdcff0e9b7d08dc8e82a3c3d9ad,0.1.0
op-182,余,yu,char_2026_yu,6,重装,本源铁卫,https://prts.wiki/w/%E4%BD%99,F:\1_Projects\其它\arknights-ranking-lab\public\operators\avatars\op-182.webp,avatar,d2fe764882bd8491d1969c3f63b406ea986bf4304cd9c53f92c92b869dbe0741,0.1.0
op-183,信仰搅拌机,rmixer,char_4194_rmixer,6,重装,哨戒铁卫,https://prts.wiki/w/%E4%BF%A1%E4%BB%B0%E6%90%85%E6%8B%8C%E6%9C%BA,F:\1_Projects\其它\arknights-ranking-lab\public\operators\avatars\op-183.webp,avatar,a678295a2e3eb70124e7b969813fc84790c4cd2959ccc757314274d73e09320e,0.1.0
op-187,号角,horn,char_4039_horn,6,重装,要塞,https://prts.wiki/w/%E5%8F%B7%E8%A7%92,https://raw.githubusercontent.com/Aceship/Arknight-Images/main/characters/char_4039_horn_2.png,portrait,ed043d14d8cec1dccd225b0b3b0d163a3ec8e0d4634efcef88e0b28b5e6f18d2,0.1.0
op-191,塞雷娅,demkni,char_202_demkni,6,重装,守护者,https://prts.wiki/w/%E5%A1%9E%E9%9B%B7%E5%A8%85,https://raw.githubusercontent.com/Aceship/Arknight-Images/main/characters/char_202_demkni_2.png,portrait,16cfcb92d55dbaf2ad2176b5b97b97c71d679d8861692b5f5ddda1778ab45ca2,0.1.0
op-192,年,nian,char_2014_nian,6,重装,铁卫,https://prts.wiki/w/%E5%B9%B4,https://raw.githubusercontent.com/Aceship/Arknight-Images/main/characters/char_2014_nian_2.png,portrait,c415b2fd70f9312b76aeda3f693afb2c1e86132e0eefaa52f7865680eae018cc,0.1.0
op-196,斥罪,judge,char_4065_judge,6,重装,不屈者,https://prts.wiki/w/%E6%96%A5%E7%BD%AA,https://raw.githubusercontent.com/Aceship/Arknight-Images/main/characters/char_4065_judge_2.png,portrait,a9c7b7296ab81ad0cdcef0949f5a9097f722da83674645d5511596c7db74a1d6,0.1.0
op-197,斩业星熊,hsgma2,char_1044_hsgma2,6,重装,驭法铁卫,https://prts.wiki/w/%E6%96%A9%E4%B8%9A%E6%98%9F%E7%86%8A,F:\1_Projects\其它\arknights-ranking-lab\public\operators\avatars\op-197.webp,avatar,8558c3c12f5b7b77c6355853e4438afdf4ccac39284809ae733332372e2bd259,0.1.0
op-198,星熊,hsguma,char_136_hsguma,6,重装,铁卫,https://prts.wiki/w/%E6%98%9F%E7%86%8A,https://raw.githubusercontent.com/Aceship/Arknight-Images/main/characters/char_136_hsguma_2.png,portrait,e4702393e11fa937e89361a2bc0ca64d3c7e43e2c048e19615b03cca387f4b04,0.1.0
op-202,森蚺,zumama,char_416_zumama,6,重装,决战者,https://prts.wiki/w/%E6%A3%AE%E8%9A%BA,https://raw.githubusercontent.com/Aceship/Arknight-Images/main/characters/char_416_zumama_2.png,portrait,31567a78cffcc7b25ec50af67e2f10c499b308492dd26b5e1dfb5fdf2e5e03c9,0.1.0
op-205,泥岩,mudrok,char_311_mudrok,6,重装,不屈者,https://prts.wiki/w/%E6%B3%A5%E5%B2%A9,https://raw.githubusercontent.com/Aceship/Arknight-Images/main/characters/char_311_mudrok_2.png,portrait,570751c37553abb62668d9cd72bb57994dd4ecee124661ef6f46e9caa42a7ce2,0.1.0
op-207,涤火杰西卡,jesca2,char_1034_jesca2,6,重装,哨戒铁卫,https://prts.wiki/w/%E6%B6%A4%E7%81%AB%E6%9D%B0%E8%A5%BF%E5%8D%A1,https://raw.githubusercontent.com/Aceship/Arknight-Images/main/characters/char_1034_jesca2_2.png,portrait,17f48c7ac6c1236d25839dd834227d4a5d67f4863b079154b76c4272fca42e7b,0.1.0
op-213,瑕光,blemsh,char_423_blemsh,6,重装,守护者,https://prts.wiki/w/%E7%91%95%E5%85%89,https://raw.githubusercontent.com/Aceship/Arknight-Images/main/characters/char_423_blemsh_2.png,portrait,4607e1b01d561640cb789d07b50b15ca202b1509fa398707688fed8cf358002b,0.1.0
op-223,黍,shu,char_2025_shu,6,重装,守护者,https://prts.wiki/w/%E9%BB%8D,https://raw.githubusercontent.com/Aceship/Arknight-Images/main/characters/char_2025_shu_2.png,portrait,8933bc744b2a848788772ebba8aa06993f073a25385c8a30b112f30c7cf48f4d,0.1.0
op-226,Mon3tr,monstr,char_4179_monstr,6,医疗,链愈师,https://prts.wiki/w/Mon3tr,F:\1_Projects\其它\arknights-ranking-lab\public\operators\avatars\op-226.webp,avatar,f4f7a1d1b7b9e3caf560c9c8a9e0d93ec08520e580877b48ed28b8939c224abb,0.1.0
op-229,凯尔希,kalts,char_003_kalts,6,医疗,医师,https://prts.wiki/w/%E5%87%AF%E5%B0%94%E5%B8%8C,https://raw.githubusercontent.com/Aceship/Arknight-Images/main/characters/char_003_kalts_2.png,portrait,a335cbb2f33eaf6f26960ed5bcd8243921100e79446ef06e2168341da0d33345,0.1.0
op-235,夜莺,cgbird,char_179_cgbird,6,医疗,群愈师,https://prts.wiki/w/%E5%A4%9C%E8%8E%BA,https://raw.githubusercontent.com/Aceship/Arknight-Images/main/characters/char_179_cgbird_2.png,portrait,ef1153b9b13f87eb4ddc2be00353f1a75117d2265413cbfa0d777a017608c8a9,0.1.0
op-242,流明,lumen,char_4042_lumen,6,医疗,疗养师,https://prts.wiki/w/%E6%B5%81%E6%98%8E,https://raw.githubusercontent.com/Aceship/Arknight-Images/main/characters/char_4042_lumen_2.png,portrait,7dca926ef673304d694dd6611542826c9e5842ad281c43cfa491b92592fab3f3,0.1.0
op-245,焰影苇草,reed2,char_1020_reed2,6,医疗,咒愈师,https://prts.wiki/w/%E7%84%B0%E5%BD%B1%E8%8B%87%E8%8D%89,https://raw.githubusercontent.com/Aceship/Arknight-Images/main/characters/char_1020_reed2_2.png,portrait,8a139a1be1b2340a9b86779b8560003db2e7df9ac0addf15f957ca0e9984c8da,0.1.0
op-249,纯烬艾雅法拉,agoat2,char_1016_agoat2,6,医疗,行医,https://prts.wiki/w/%E7%BA%AF%E7%83%AC%E8%89%BE%E9%9B%85%E6%B3%95%E6%8B%89,https://raw.githubusercontent.com/Aceship/Arknight-Images/main/characters/char_1016_agoat2_2.png,portrait,53612b41e962110e6608b6c3930ed415e992c6047428a57d7c65fee43709e85d,0.1.0
op-250,缇缇,titi,char_4056_titi,6,医疗,咒愈师,https://prts.wiki/w/%E7%BC%87%E7%BC%87,F:\1_Projects\其它\arknights-ranking-lab\public\operators\avatars\op-250.webp,avatar,6e593773e49cba3489d7a4e8f8fa29534b8f5506b6120a42e9ec70a5dcfb9aa7,0.1.0
op-260,闪灵,shining,char_147_shining,6,医疗,医师,https://prts.wiki/w/%E9%97%AA%E7%81%B5,https://raw.githubusercontent.com/Aceship/Arknight-Images/main/characters/char_147_shining_2.png,portrait,581c379bd91097e9b441eae63c315d637f83f44c70b169bc432ae15ce41d71b4,0.1.0
op-267,令,ling,char_2023_ling,6,辅助,召唤师,https://prts.wiki/w/%E4%BB%A4,https://raw.githubusercontent.com/Aceship/Arknight-Images/main/characters/char_2023_ling_2.png,portrait,89b566f70a35d802a01f20dedd69819ba9559ef88882ed2699e3f26597d36749,0.1.0
op-274,塑心,cello,char_245_cello,6,辅助,巫役,https://prts.wiki/w/%E5%A1%91%E5%BF%83,https://raw.githubusercontent.com/Aceship/Arknight-Images/main/characters/char_245_cello_2.png,portrait,44a02be9566ddefe143f8342ffae46c72e0bf1f7a91c2dcf5d7676c11e93d576,0.1.0
op-276,娜斯提,nasti,char_4212_nasti,6,辅助,工匠,https://prts.wiki/w/%E5%A8%9C%E6%96%AF%E6%8F%90,F:\1_Projects\其它\arknights-ranking-lab\public\operators\avatars\op-276.webp,avatar,19984c3fea957d68d12f4d27c69f5417464ceb26f245d9dde95c228ad5e3051b,0.1.0
op-277,安洁莉娜,aglina,char_291_aglina,6,辅助,凝滞师,https://prts.wiki/w/%E5%AE%89%E6%B4%81%E8%8E%89%E5%A8%9C,https://raw.githubusercontent.com/Aceship/Arknight-Images/main/characters/char_291_aglina_2.png,portrait,12d5d8b1cc3d58e465fe0182ed6ae7f822e2d2a2355ff8fa87c3c26052aa694e,0.1.0
op-288,浊心斯卡蒂,skadi2,char_1012_skadi2,6,辅助,吟游者,https://prts.wiki/w/%E6%B5%8A%E5%BF%83%E6%96%AF%E5%8D%A1%E8%92%82,https://raw.githubusercontent.com/Aceship/Arknight-Images/main/characters/char_1012_skadi2_2.png,portrait,3f55451bc49330c9b2ce2571347420959b0009681ed2a94875c50fd85b05410e,0.1.0
op-291,淬羽赫默,slent2,char_1031_slent2,6,辅助,护佑者,https://prts.wiki/w/%E6%B7%AC%E7%BE%BD%E8%B5%AB%E9%BB%98,https://raw.githubusercontent.com/Aceship/Arknight-Images/main/characters/char_1031_slent2_2.png,portrait,b74516deaf5332cb7b43b5ce66d115731bc71a9c98be00c204c77c508221a925,0.1.0
op-293,溯光星源,halo2,char_1047_halo2,6,辅助,凝滞师,https://prts.wiki/w/%E6%BA%AF%E5%85%89%E6%98%9F%E6%BA%90,F:\1_Projects\其它\arknights-ranking-lab\public\operators\avatars\op-293.webp,avatar,8a27f3a3b90a904b29204fdc8d907021683f0398313fba6f167641663c6f1fec,0.1.0
op-294,灵知,gnosis,char_206_gnosis,6,辅助,削弱者,https://prts.wiki/w/%E7%81%B5%E7%9F%A5,https://raw.githubusercontent.com/Aceship/Arknight-Images/main/characters/char_206_gnosis_2.png,portrait,0628b3a537fc65199d0c4436c4eb1e779f7df85d3ecca58c7a3dba08b1183cd8,0.1.0
op-295,电弧,radian,char_4195_radian,6,辅助,召唤师,https://prts.wiki/w/%E7%94%B5%E5%BC%A7,F:\1_Projects\其它\arknights-ranking-lab\public\operators\avatars\op-295.webp,avatar,54471d768541312f557bf754bbba78a6bd3f093dd433a9805fadfde10150155e,0.1.0
op-296,白铁,ironmn,char_4072_ironmn,6,辅助,工匠,https://prts.wiki/w/%E7%99%BD%E9%93%81,https://raw.githubusercontent.com/Aceship/Arknight-Images/main/characters/char_4072_ironmn_2.png,portrait,f11d01ee10d3af91e286c7b75aa23df59937fbf3430fcca2831e1cc1cca8a68b,0.1.0
op-303,遥,haruka,char_4202_haruka,6,辅助,护佑者,https://prts.wiki/w/%E9%81%A5,F:\1_Projects\其它\arknights-ranking-lab\public\operators\avatars\op-303.webp,avatar,ab6d37def2546953ef398d3db24cc30979116d603120ed4e99afd14918bc1f97,0.1.0
op-304,酒神,phatm2,char_1042_phatm2,6,辅助,巫役,https://prts.wiki/w/%E9%85%92%E7%A5%9E,F:\1_Projects\其它\arknights-ranking-lab\public\operators\avatars\op-304.webp,avatar,997548cdbc69d7c01c964e1253f5c07bf38f4f2d6915dc7030fa98c81c485cd0,0.1.0
op-305,铃兰,lisa,char_358_lisa,6,辅助,凝滞师,https://prts.wiki/w/%E9%93%83%E5%85%B0,https://raw.githubusercontent.com/Aceship/Arknight-Images/main/characters/char_358_lisa_2.png,portrait,79ca1ac386e707d025863f88316e1244978bc0b3b39f63fdad9b010a174efc54,0.1.0
op-307,魔王,cetsyr,char_4134_cetsyr,6,辅助,吟游者,https://prts.wiki/w/%E9%AD%94%E7%8E%8B,https://raw.githubusercontent.com/Aceship/Arknight-Images/main/characters/char_4134_cetsyr_2.png,portrait,84e7d326206c50fb41b6051a1b7a3a32b076b3a5409d91114e5edccc01163389,0.1.0
op-308,麦哲伦,mgllan,char_248_mgllan,6,辅助,召唤师,https://prts.wiki/w/%E9%BA%A6%E5%93%B2%E4%BC%A6,https://raw.githubusercontent.com/Aceship/Arknight-Images/main/characters/char_248_mgllan_2.png,portrait,d7f126f99eaf676197876aa8e0deb12faeb1dfb026311b1e82e3b7a70f06f829,0.1.0
op-311,伊芙利特,ifrit,char_134_ifrit,6,术师,轰击术师,https://prts.wiki/w/%E4%BC%8A%E8%8A%99%E5%88%A9%E7%89%B9,https://raw.githubusercontent.com/Aceship/Arknight-Images/main/characters/char_134_ifrit_2.png,portrait,8b094c2776abd14e88650997b82d05a5d22a3b6b6035b6f928dba4d19edb4504,0.1.0
op-312,刻俄柏,cerber,char_2013_cerber,6,术师,中坚术师,https://prts.wiki/w/%E5%88%BB%E4%BF%84%E6%9F%8F,https://raw.githubusercontent.com/Aceship/Arknight-Images/main/characters/char_2013_cerber_2.png,portrait,15c04e0218055de517f3b8d16755f31cc8d2f26eaf31763ed9cea5247726a204,0.1.0
op-314,卡涅利安,billro,char_426_billro,6,术师,阵法术师,https://prts.wiki/w/%E5%8D%A1%E6%B6%85%E5%88%A9%E5%AE%89,https://raw.githubusercontent.com/Aceship/Arknight-Images/main/characters/char_426_billro_2.png,portrait,1b2803cb1bd532e9847c26ba60f5693312853e7b7da845436b7f7f04434ef8aa,0.1.0
op-318,圣聆初雪,sbell2,char_1046_sbell2,6,术师,阵法术师,https://prts.wiki/w/%E5%9C%A3%E8%81%86%E5%88%9D%E9%9B%AA,F:\1_Projects\其它\arknights-ranking-lab\public\operators\avatars\op-318.webp,avatar,be231f67d92045201bef81f8c4fbdb401d8f1ec5cb17691366a9663c6b107b4f,0.1.0
op-320,夕,dusk,char_2015_dusk,6,术师,扩散术师,https://prts.wiki/w/%E5%A4%95,https://raw.githubusercontent.com/Aceship/Arknight-Images/main/characters/char_2015_dusk_2.png,portrait,6ca476cc2b96b867e63c89c5fd20bb6ebf64663a2f918205b98ce0b1b41135bf,0.1.0
op-324,妮芙,nymph,char_4146_nymph,6,术师,本源术师,https://prts.wiki/w/%E5%A6%AE%E8%8A%99,F:\1_Projects\其它\arknights-ranking-lab\public\operators\avatars\op-324.webp,avatar,03f1b0b7dbc901c84f1f3262d542e42699629b3668f97b93bb1ce49d2a3c5f96,0.1.0
op-327,异客,pasngr,char_472_pasngr,6,术师,链术师,https://prts.wiki/w/%E5%BC%82%E5%AE%A2,https://raw.githubusercontent.com/Aceship/Arknight-Images/main/characters/char_472_pasngr_2.png,portrait,673fc6adf8aabb0680c23231d804f8ca7cec1555a6efa2536eec561852fb5df0,0.1.0
op-333,林,lin,char_4080_lin,6,术师,阵法术师,https://prts.wiki/w/%E6%9E%97,https://raw.githubusercontent.com/Aceship/Arknight-Images/main/characters/char_4080_lin_2.png,portrait,4f15d0e5736cdb65e0880a3df6bc3d3b1b6cf27f64ff89af8c87c5ad0853adea,0.1.0
op-335,死芒,necras,char_450_necras,6,术师,塑灵术师,https://prts.wiki/w/%E6%AD%BB%E8%8A%92,F:\1_Projects\其它\arknights-ranking-lab\public\operators\avatars\op-335.webp,avatar,6b9099882294c815040c0a6893f34ca9b06270d03cd47445df2f1712dc932fc8,0.1.0
op-339,澄闪,gdglow,char_377_gdglow,6,术师,驭械术师,https://prts.wiki/w/%E6%BE%84%E9%97%AA,https://raw.githubusercontent.com/Aceship/Arknight-Images/main/characters/char_377_gdglow_2.png,portrait,a3bc12bbab065564a2562c685e9f0b63b27eb1b870972a66657223722d160284,0.1.0
op-342,烛煌,blaze2,char_1040_blaze2,6,术师,本源术师,https://prts.wiki/w/%E7%83%9B%E7%85%8C,F:\1_Projects\其它\arknights-ranking-lab\public\operators\avatars\op-342.webp,avatar,71cdb8eec31fc3c1997a21a33915ec115cbe185fba5475e5803803fd8bdadc2c,0.1.0
op-346,玛露西尔,marcil,char_4141_marcil,6,术师,扩散术师,https://prts.wiki/w/%E7%8E%9B%E9%9C%B2%E8%A5%BF%E5%B0%94,F:\1_Projects\其它\arknights-ranking-lab\public\operators\avatars\op-346.webp,avatar,5274a1b4d63e71cac7d27034e01b15f3f2059b1fc4dc75557576c5d9a14ebe79,0.1.0
op-347,真言,mantra,char_4204_mantra,6,术师,本源术师,https://prts.wiki/w/%E7%9C%9F%E8%A8%80,F:\1_Projects\其它\arknights-ranking-lab\public\operators\avatars\op-347.webp,avatar,9d6d2c4a328fd136b4f0b353a45684f6ebdc8f78d1a1b0767f81e9147cdd103e,0.1.0
op-350,艾雅法拉,amgoat,char_180_amgoat,6,术师,中坚术师,https://prts.wiki/w/%E8%89%BE%E9%9B%85%E6%B3%95%E6%8B%89,https://raw.githubusercontent.com/Aceship/Arknight-Images/main/characters/char_180_amgoat_2.png,portrait,2abc9738578f943876df346dd9fc0011d7035f5b91cd43f548b3a71330e80f54,0.1.0
op-352,荒芜拉普兰德,whitw2,char_1038_whitw2,6,术师,驭械术师,https://prts.wiki/w/%E8%8D%92%E8%8A%9C%E6%8B%89%E6%99%AE%E5%85%B0%E5%BE%B7,F:\1_Projects\其它\arknights-ranking-lab\public\operators\avatars\op-352.webp,avatar,b8c999a730b4b441691ff3fc46d00af12fbc5d3d0dde55fb9829ad8b9347e177,0.1.0
op-353,莫斯提马,mostma,char_213_mostma,6,术师,扩散术师,https://prts.wiki/w/%E8%8E%AB%E6%96%AF%E6%8F%90%E9%A9%AC,https://raw.githubusercontent.com/Aceship/Arknight-Images/main/characters/char_213_mostma_2.png,portrait,b9b5f4b31c0b3475138495b99a9025f71664e66e8f846c8f603253387c524de6,0.1.0
op-359,逻各斯,logos,char_4133_logos,6,术师,中坚术师,https://prts.wiki/w/%E9%80%BB%E5%90%84%E6%96%AF,https://raw.githubusercontent.com/Aceship/Arknight-Images/main/characters/char_4133_logos_2.png,portrait,13b50c92036fb14c154dd982a8563ad11f3b7c20d1bc5c54fc7c2c23db7bc4b4,0.1.0
op-363,霍尔海雅,heyak,char_4027_heyak,6,术师,中坚术师,https://prts.wiki/w/%E9%9C%8D%E5%B0%94%E6%B5%B7%E9%9B%85,https://raw.githubusercontent.com/Aceship/Arknight-Images/main/characters/char_4027_heyak_2.png,portrait,88a8e13dd70e68c6c1cc32497512d28f8ba14dcd6e7d7d8269b37493de61b1f5,0.1.0
op-364,黑键,ebnhlz,char_4046_ebnhlz,6,术师,秘术师,https://prts.wiki/w/%E9%BB%91%E9%94%AE,https://raw.githubusercontent.com/Aceship/Arknight-Images/main/characters/char_4046_ebnhlz_2.png,portrait,1fb7a26748249d8c7500a983b5339948e11907ccd614a244875ac6fa61600250,0.1.0
op-369,傀影,phatom,char_250_phatom,6,特种,处决者,https://prts.wiki/w/%E5%82%80%E5%BD%B1,https://raw.githubusercontent.com/Aceship/Arknight-Images/main/characters/char_250_phatom_2.png,portrait,5b22ace825110bf39428d1989031d95c3afa1a99cc691daca762b409da8d2243,0.1.0
op-373,多萝西,doroth,char_4048_doroth,6,特种,陷阱师,https://prts.wiki/w/%E5%A4%9A%E8%90%9D%E8%A5%BF,https://raw.githubusercontent.com/Aceship/Arknight-Images/main/characters/char_4048_doroth_2.png,portrait,93379dcd87ec0780ab4966a14c830fb4ae0aa03034c13c7181272723cdf1bb4f,0.1.0
op-376,弑君者,crosly,char_1502_crosly,6,特种,处决者,https://prts.wiki/w/%E5%BC%91%E5%90%9B%E8%80%85,F:\1_Projects\其它\arknights-ranking-lab\public\operators\avatars\op-376.webp,avatar,033c5bdb3fc4f56d41cf7678baa1ada2b49a7f5c657d173481715aa2cb25f416,0.1.0
op-377,引星棘刺,thorn2,char_1039_thorn2,6,特种,炼金师,https://prts.wiki/w/%E5%BC%95%E6%98%9F%E6%A3%98%E5%88%BA,F:\1_Projects\其它\arknights-ranking-lab\public\operators\avatars\op-377.webp,avatar,f5a8c85f7d69cc0a67dd9b4919d72c23f77f37b29aa26b853108c8f0c4587516,0.1.0
op-378,归溟幽灵鲨,ghost2,char_1023_ghost2,6,特种,傀儡师,https://prts.wiki/w/%E5%BD%92%E6%BA%9F%E5%B9%BD%E7%81%B5%E9%B2%A8,https://raw.githubusercontent.com/Aceship/Arknight-Images/main/characters/char_1023_ghost2_2.png,portrait,da191a044e7cf0d20bc0d93bb13957737f1b57ae7ff9306dc558a8cbba7d6e6c,0.1.0
op-379,新约能天使,angel2,char_1041_angel2,6,特种,怪杰,https://prts.wiki/w/%E6%96%B0%E7%BA%A6%E8%83%BD%E5%A4%A9%E4%BD%BF,F:\1_Projects\其它\arknights-ranking-lab\public\operators\avatars\op-379.webp,avatar,9f4c062303fd1ec7f856bac76c82b84cac9d10948cf0b226de8e3cd7e4d0aa32,0.1.0
op-381,望,wang,char_2027_wang,6,特种,陷阱师,https://prts.wiki/w/%E6%9C%9B,F:\1_Projects\其它\arknights-ranking-lab\public\operators\avatars\op-381.webp,avatar,0655b499f4154bfa5d036c84cb27d739b98004c1d5ec5d61e5098c3a645891f4,0.1.0
op-384,歌蕾蒂娅,glady,char_474_glady,6,特种,钩索师,https://prts.wiki/w/%E6%AD%8C%E8%95%BE%E8%92%82%E5%A8%85,https://raw.githubusercontent.com/Aceship/Arknight-Images/main/characters/char_474_glady_2.png,portrait,f2422a5b4e1a8d5973b5f2ea93219bbaf4959e059ecd78bf15c149cafe3f74af,0.1.0
op-385,水月,mizuki,char_437_mizuki,6,特种,伏击客,https://prts.wiki/w/%E6%B0%B4%E6%9C%88,https://raw.githubusercontent.com/Aceship/Arknight-Images/main/characters/char_437_mizuki_2.png,portrait,8d480bfe2018470f338ca7dc3222d33336b3323756446ea89968f6d091640547,0.1.0
op-386,温蒂,weedy,char_400_weedy,6,特种,推击手,https://prts.wiki/w/%E6%B8%A9%E8%92%82,https://raw.githubusercontent.com/Aceship/Arknight-Images/main/characters/char_400_weedy_2.png,portrait,a0c9f2abfee4a2f6d45ff104752a3e31805c2d76fdc8df837e089a293e4fb8fb,0.1.0
op-388,琳琅诗怀雅,swire2,char_1033_swire2,6,特种,行商,https://prts.wiki/w/%E7%90%B3%E7%90%85%E8%AF%97%E6%80%80%E9%9B%85,https://raw.githubusercontent.com/Aceship/Arknight-Images/main/characters/char_1033_swire2_2.png,portrait,1b77159c5ced91c6bb1e3aa33b8888a008bf7b7c7edf78e899475eaa4d49a4fe,0.1.0
op-394,缄默德克萨斯,texas2,char_1028_texas2,6,特种,处决者,https://prts.wiki/w/%E7%BC%84%E9%BB%98%E5%BE%B7%E5%85%8B%E8%90%A8%E6%96%AF,https://raw.githubusercontent.com/Aceship/Arknight-Images/main/characters/char_1028_texas2_2.png,portrait,beb76c614877d735c3d88ba827b990913d0c175a52bcf246686d0e98be5a9b71,0.1.0
op-396,老鲤,lmlee,char_322_lmlee,6,特种,行商,https://prts.wiki/w/%E8%80%81%E9%B2%A4,https://raw.githubusercontent.com/Aceship/Arknight-Images/main/characters/char_322_lmlee_2.png,portrait,ee9983af5bee785fcaae85ab54634cf48f8820d4207ad4401a030c7dc2bfb276,0.1.0
op-397,艾拉,ela,char_4123_ela,6,特种,陷阱师,https://prts.wiki/w/%E8%89%BE%E6%8B%89,https://raw.githubusercontent.com/Aceship/Arknight-Images/main/characters/char_4123_ela_2.png,portrait,34fe9ac7a28b152d87a0f290b2b531714515b4637c1377af65a8fb1d7cd21575,0.1.0
op-405,阿,haak,char_225_haak,6,特种,怪杰,https://prts.wiki/w/%E9%98%BF,https://raw.githubusercontent.com/Aceship/Arknight-Images/main/characters/char_225_haak_2.png,portrait,7a7965c526197954a37419455a74a52c4ef9060eb78efe75e167ee4ff8f66427,0.1.0
op-406,阿斯卡纶,ascln,char_4132_ascln,6,特种,伏击客,https://prts.wiki/w/%E9%98%BF%E6%96%AF%E5%8D%A1%E7%BA%B6,https://raw.githubusercontent.com/Aceship/Arknight-Images/main/characters/char_4132_ascln_2.png,portrait,40688deee3a8361792c0c28e53b96ce4d4599dce7fbadda8f3346865f9a9d628,0.1.0
op-412,麒麟R夜刀,yato2,char_1029_yato2,6,特种,处决者,https://prts.wiki/w/%E9%BA%92%E9%BA%9FR%E5%A4%9C%E5%88%80,https://raw.githubusercontent.com/Aceship/Arknight-Images/main/characters/char_1029_yato2_2.png,portrait,f8b2db8746a2c90ee012e5ce98b278ae9c35f10b7235a15c523fc24f83e2ef52,0.1.0
op-413,可露希尔,closur,char_4228_closur,6,先锋,战术家,https://prts.wiki/w/%E5%8F%AF%E9%9C%B2%E5%B8%8C%E5%B0%94,F:\1_Projects\其它\arknights-ranking-lab\public\operators\avatars\op-413.webp,avatar,9d1d7ff26ee016f22bcc1a7ad5dd05bc8a1fb5ce9bf85cdf3566e90fdf7fdda9,0.1.0
op-415,凯尔希·思衡托,kalts2,char_1052_kalts2,6,医疗,守望者,https://prts.wiki/w/%E5%87%AF%E5%B0%94%E5%B8%8C%C2%B7%E6%80%9D%E8%A1%A1%E6%89%98,F:\1_Projects\其它\arknights-ranking-lab\public\operators\avatars\op-415.webp,avatar,03d22dbce8f3bc2a0d6310b76a3bc318da7789fe2d7f3951db6d6a886033a772,0.1.0
op-417,维伊,veen,char_4226_veen,6,术师,秘术师,https://prts.wiki/w/%E7%BB%B4%E4%BC%8A,F:\1_Projects\其它\arknights-ranking-lab\public\operators\avatars\op-417.webp,avatar,68d6df687f778c141bd411814a13d64e27777a1918acbf8f4578264275361630,0.1.0
op-069,斯卡蒂,skadi,char_263_skadi,6,近卫,无畏者,https://prts.wiki/w/%E6%96%AF%E5%8D%A1%E8%92%82,https://raw.githubusercontent.com/Aceship/Arknight-Images/main/characters/char_263_skadi_2.png,portrait,4d8b598fd74086552c1dc1738e5b29aff1d406559fd62414d51cfda4cece4c86,0.1.0
op-001,CONFESS-47,op_001,,1,先锋,尖兵,https://prts.wiki/w/CONFESS-47,F:\1_Projects\其它\arknights-ranking-lab\public\operators\avatars\op-001.webp,avatar,59b77adb1ceba8275926aa54f47eb17fcbb766e5b94ae8844cd0325a5f380b2a,0.2.0
op-002,万顷,op_002,,5,先锋,执旗手,https://prts.wiki/w/%E4%B8%87%E9%A1%B7,F:\1_Projects\其它\arknights-ranking-lab\public\operators\avatars\op-002.webp,avatar,3fabfdde67eff7c95c50285d61a8f6b6be514ed0c582d0385f1a2d49b3574a1d,0.2.0
op-005,冬时,op_005,,4,先锋,情报官,https://prts.wiki/w/%E5%86%AC%E6%97%B6,F:\1_Projects\其它\arknights-ranking-lab\public\operators\avatars\op-005.webp,avatar,0f8310132d6cf686c845859da84b53aa309c2c2b28a9de98f24707b7099aed2f,0.2.0
op-006,凛冬,op_006,,5,先锋,尖兵,https://prts.wiki/w/%E5%87%9B%E5%86%AC,F:\1_Projects\其它\arknights-ranking-lab\public\operators\avatars\op-006.webp,avatar,b6ac34d2bc2c231daef0cea41f2ecb46ab7637e321afbce5eb6d4a297f5b9482,0.2.0
op-008,历阵锐枪芬,op_008,,5,先锋,冲锋手,https://prts.wiki/w/%E5%8E%86%E9%98%B5%E9%94%90%E6%9E%AA%E8%8A%AC,F:\1_Projects\其它\arknights-ranking-lab\public\operators\avatars\op-008.webp,avatar,36e9a6bf8761e28c258e5e5897ee73d1ca60e81380581a9f944f60002c609b34,0.2.0
op-009,夜刀,op_009,,2,先锋,尖兵,https://prts.wiki/w/%E5%A4%9C%E5%88%80,F:\1_Projects\其它\arknights-ranking-lab\public\operators\avatars\op-009.webp,avatar,13f730f256bbc2fc3734de5501a6cc7a462e19638364f0128e6d6d5053ffa0de,0.2.0
op-010,夜半,op_010,,5,先锋,战术家,https://prts.wiki/w/%E5%A4%9C%E5%8D%8A,F:\1_Projects\其它\arknights-ranking-lab\public\operators\avatars\op-010.webp,avatar,8d6d168d1c5615db6f2e847409e819f611ea3eac76493979381af6ade26e8311,0.2.0
op-011,寻澜,op_011,,5,先锋,情报官,https://prts.wiki/w/%E5%AF%BB%E6%BE%9C,F:\1_Projects\其它\arknights-ranking-lab\public\operators\avatars\op-011.webp,avatar,6fa9af5664e8b13ed20a268d7ccb66b798cc91ddfde2cb3c41558d32d0125b4f,0.2.0
op-013,德克萨斯,op_013,,5,先锋,尖兵,https://prts.wiki/w/%E5%BE%B7%E5%85%8B%E8%90%A8%E6%96%AF,F:\1_Projects\其它\arknights-ranking-lab\public\operators\avatars\op-013.webp,avatar,8e3a0bf2a2e8e6b791ec64cb341024cb1f86ebd1021952602d623af9b5858f26,0.2.0
op-016,晓歌,op_016,,5,先锋,情报官,https://prts.wiki/w/%E6%99%93%E6%AD%8C,F:\1_Projects\其它\arknights-ranking-lab\public\operators\avatars\op-016.webp,avatar,b0cb59e1a1c6f34db4e8d8a19fb81a58bfa4080c7419391fc61f2f3a7e3d3161,0.2.0
op-017,松桐,op_017,,5,先锋,策士,https://prts.wiki/w/%E6%9D%BE%E6%A1%90,F:\1_Projects\其它\arknights-ranking-lab\public\operators\avatars\op-017.webp,avatar,58f86d7e275d6cfdedcdcdf2a44365d458dd345be2112722be5bef94e957948c,0.2.0
op-018,极境,op_018,,5,先锋,执旗手,https://prts.wiki/w/%E6%9E%81%E5%A2%83,F:\1_Projects\其它\arknights-ranking-lab\public\operators\avatars\op-018.webp,avatar,9bf749c68540b6b6794c485807d6fd5c988a445ddec272cf69bd84c790178829,0.2.0
op-019,格拉尼,op_019,,5,先锋,冲锋手,https://prts.wiki/w/%E6%A0%BC%E6%8B%89%E5%B0%BC,F:\1_Projects\其它\arknights-ranking-lab\public\operators\avatars\op-019.webp,avatar,dae9bee20ca16fdcbf54689bf9c63504ef6c1797fda33979e8c04106f7e6032c,0.2.0
op-020,桃金娘,op_020,,4,先锋,执旗手,https://prts.wiki/w/%E6%A1%83%E9%87%91%E5%A8%98,F:\1_Projects\其它\arknights-ranking-lab\public\operators\avatars\op-020.webp,avatar,d6996e3dbc1d9623e48c12c7386185337cad2b9d088af818ac850e37636fe60c,0.2.0
op-021,清道夫,op_021,,4,先锋,尖兵,https://prts.wiki/w/%E6%B8%85%E9%81%93%E5%A4%AB,F:\1_Projects\其它\arknights-ranking-lab\public\operators\avatars\op-021.webp,avatar,4856746cb5a71d1a20826bcba322d7aa6eae7e76f885a12cf17ff7ecb090e53b,0.2.0
op-022,渡桥,op_022,,5,先锋,战术家,https://prts.wiki/w/%E6%B8%A1%E6%A1%A5,F:\1_Projects\其它\arknights-ranking-lab\public\operators\avatars\op-022.webp,avatar,866b56575c403053edd3e7bd8f26c21d85e675b47c9424a2bf27aca72e091e50,0.2.0
op-025,红豆,op_025,,4,先锋,冲锋手,https://prts.wiki/w/%E7%BA%A2%E8%B1%86,F:\1_Projects\其它\arknights-ranking-lab\public\operators\avatars\op-025.webp,avatar,e5653b3634693603966616bcee872735414f1c0098d0c67a5ee3fa3a8deb8ba9,0.2.0
op-026,红隼,op_026,,5,先锋,尖兵,https://prts.wiki/w/%E7%BA%A2%E9%9A%BC,F:\1_Projects\其它\arknights-ranking-lab\public\operators\avatars\op-026.webp,avatar,8551f1c625c26b87b974a5d66166d7bcb42d5f4feabe1e3494e3bb5612cb48f3,0.2.0
op-028,翎羽,op_028,,3,先锋,冲锋手,https://prts.wiki/w/%E7%BF%8E%E7%BE%BD,F:\1_Projects\其它\arknights-ranking-lab\public\operators\avatars\op-028.webp,avatar,d14dac247b0ee18481a40d5d10bcc3236abf4be06cf5a268d7e3cb676b2f7554,0.2.0
op-029,芬,op_029,,3,先锋,尖兵,https://prts.wiki/w/%E8%8A%AC,F:\1_Projects\其它\arknights-ranking-lab\public\operators\avatars\op-029.webp,avatar,a227bb609e9d47dd30c3e3079ee202fb672580b324077c7718b2cae17bb95b63,0.2.0
op-030,苇草,op_030,,5,先锋,冲锋手,https://prts.wiki/w/%E8%8B%87%E8%8D%89,F:\1_Projects\其它\arknights-ranking-lab\public\operators\avatars\op-030.webp,avatar,1cd980994afc9fd83d02e04407edb1f6802472ef09aeba87a39a120b50eade6d,0.2.0
op-031,讯使,op_031,,4,先锋,尖兵,https://prts.wiki/w/%E8%AE%AF%E4%BD%BF,F:\1_Projects\其它\arknights-ranking-lab\public\operators\avatars\op-031.webp,avatar,330d1887d76abbe1519ba9b4e9d159f0f86ef73a07cd5cd22c19f1821f0a676a,0.2.0
op-032,谜图,op_032,,5,先锋,情报官,https://prts.wiki/w/%E8%B0%9C%E5%9B%BE,F:\1_Projects\其它\arknights-ranking-lab\public\operators\avatars\op-032.webp,avatar,794125ddfb0d4e52b08a805b79fad6027c54fc17c52fda91cf1dbd8d48a17936,0.2.0
op-033,豆苗,op_033,,4,先锋,战术家,https://prts.wiki/w/%E8%B1%86%E8%8B%97,F:\1_Projects\其它\arknights-ranking-lab\public\operators\avatars\op-033.webp,avatar,21f04415c2c8cb2969f1a1eec3c059d5371ca17c65ff3f166ecfcda7c2c651cb,0.2.0
op-034,贾维,op_034,,5,先锋,尖兵,https://prts.wiki/w/%E8%B4%BE%E7%BB%B4,F:\1_Projects\其它\arknights-ranking-lab\public\operators\avatars\op-034.webp,avatar,59c07eceee12a34372e38042cdfb5110384c19b95e1818f8a7f62008bfbdf560,0.2.0
op-035,野鬃,op_035,,5,先锋,冲锋手,https://prts.wiki/w/%E9%87%8E%E9%AC%83,F:\1_Projects\其它\arknights-ranking-lab\public\operators\avatars\op-035.webp,avatar,e56e6a2715453759de3d7587e50c4b120f9fc4b223d6d6390a340df9ad0c3737,0.2.0
op-036,青枳,op_036,,5,先锋,尖兵,https://prts.wiki/w/%E9%9D%92%E6%9E%B3,F:\1_Projects\其它\arknights-ranking-lab\public\operators\avatars\op-036.webp,avatar,244af588714d3de20369c55abcea5a2b6a228c0fca91dcbf90330e5ee7a907f8,0.2.0
op-038,香草,op_038,,3,先锋,尖兵,https://prts.wiki/w/%E9%A6%99%E8%8D%89,F:\1_Projects\其它\arknights-ranking-lab\public\operators\avatars\op-038.webp,avatar,038c73f750396b89410e32bc8eb55d6e643dd3a87c416aeb6d6ff7dd50a0cafe,0.2.0
op-039,齐尔查克,op_039,,5,先锋,情报官,https://prts.wiki/w/%E9%BD%90%E5%B0%94%E6%9F%A5%E5%85%8B,F:\1_Projects\其它\arknights-ranking-lab\public\operators\avatars\op-039.webp,avatar,6f4b3fbb1aa36044ef67e7eaea8237f8247dc2b37e2872b2895f579997457b01,0.2.0
op-040,Castle-3,op_040,,1,近卫,无畏者,https://prts.wiki/w/Castle-3,F:\1_Projects\其它\arknights-ranking-lab\public\operators\avatars\op-040.webp,avatar,63adb2df0492d601cf3b8245d30c0cfe856fe0a3a4bdd0115deb0640c625ba18,0.2.0
op-044,休谟斯,op_044,,4,近卫,收割者,https://prts.wiki/w/%E4%BC%91%E8%B0%9F%E6%96%AF,F:\1_Projects\其它\arknights-ranking-lab\public\operators\avatars\op-044.webp,avatar,383b6375b944ed2c03ba97f09a1c73e4dc793c7d235ba3c952c5647601b9c675,0.2.0
op-046,刻刀,op_046,,4,近卫,剑豪,https://prts.wiki/w/%E5%88%BB%E5%88%80,F:\1_Projects\其它\arknights-ranking-lab\public\operators\avatars\op-046.webp,avatar,fe3f06ce5dff9a4ade71d8e09e6f8bea694233ec2f8621e32892b0f5f0c77670,0.2.0
op-047,医生,op_047,,5,近卫,教官,https://prts.wiki/w/%E5%8C%BB%E7%94%9F,F:\1_Projects\其它\arknights-ranking-lab\public\operators\avatars\op-047.webp,avatar,b71ea06149a271b3bbdb43a45ea5d829e506a100e7df6b80ab6d6af879193983,0.2.0
op-050,哈蒂娅,op_050,,5,近卫,佣兵,https://prts.wiki/w/%E5%93%88%E8%92%82%E5%A8%85,F:\1_Projects\其它\arknights-ranking-lab\public\operators\avatars\op-050.webp,avatar,87c11b7b48aab3bc5d2beac5a0b6392bb1104041119e3b8f517d84a952c57244,0.2.0
op-051,因陀罗,op_051,,5,近卫,斗士,https://prts.wiki/w/%E5%9B%A0%E9%99%80%E7%BD%97,F:\1_Projects\其它\arknights-ranking-lab\public\operators\avatars\op-051.webp,avatar,59eb6db244a4bf1c5075b36fe004f60d93a2797fe1f93930b70ee5f5dacb4cbc,0.2.0
op-053,奥达,op_053,,5,近卫,撼地者,https://prts.wiki/w/%E5%A5%A5%E8%BE%BE,F:\1_Projects\其它\arknights-ranking-lab\public\operators\avatars\op-053.webp,avatar,c89e17f1ae0796ad84ead5a03cb501959e90952f05260021e08f9096f8e3eb71,0.2.0
op-054,宴,op_054,,4,近卫,武者,https://prts.wiki/w/%E5%AE%B4,F:\1_Projects\其它\arknights-ranking-lab\public\operators\avatars\op-054.webp,avatar,5cf9c6f42506fc12cfce2b53bcaa897169b586defb21f5da95b074a1c07d7b40,0.2.0
op-055,导火索,op_055,,5,近卫,强攻手,https://prts.wiki/w/%E5%AF%BC%E7%81%AB%E7%B4%A2,F:\1_Projects\其它\arknights-ranking-lab\public\operators\avatars\op-055.webp,avatar,6e9280670fe288bb4dd347c1f11d9a8dc4c0df976fb55a34cbe3ee567feaae73,0.2.0
op-058,布洛卡,op_058,,5,近卫,强攻手,https://prts.wiki/w/%E5%B8%83%E6%B4%9B%E5%8D%A1,F:\1_Projects\其它\arknights-ranking-lab\public\operators\avatars\op-058.webp,avatar,232bdbe45c9863fce34492aef039751ce4e2f431a418bf4242cdf4274c26f11a,0.2.0
op-060,幽灵鲨,op_060,,5,近卫,强攻手,https://prts.wiki/w/%E5%B9%BD%E7%81%B5%E9%B2%A8,F:\1_Projects\其它\arknights-ranking-lab\public\operators\avatars\op-060.webp,avatar,66a8d47ac0a08abce15226c1798e14c220528a907d2ed51729fda55bf6015fec,0.2.0
op-062,慕斯,op_062,,4,近卫,术战者,https://prts.wiki/w/%E6%85%95%E6%96%AF,F:\1_Projects\其它\arknights-ranking-lab\public\operators\avatars\op-062.webp,avatar,205bfcdb5a8b2e3a5c9ce15d4478c90eea248383eabf53dde1dac163a2bff96d,0.2.0
op-063,战车,op_063,,5,近卫,剑豪,https://prts.wiki/w/%E6%88%98%E8%BD%A6,F:\1_Projects\其它\arknights-ranking-lab\public\operators\avatars\op-063.webp,avatar,63076ae3f9740a91def078142957dedf87be59a15397cbc96ffb4ff2dcfe17f8,0.2.0
op-064,拉普兰德,op_064,,5,近卫,领主,https://prts.wiki/w/%E6%8B%89%E6%99%AE%E5%85%B0%E5%BE%B7,F:\1_Projects\其它\arknights-ranking-lab\public\operators\avatars\op-064.webp,avatar,2e3e078dc2ee106f2ff93c8610d0e01a9ca71c9eb39d36014d97ffdbf11c0a47,0.2.0
op-065,摆渡人,op_065,,5,近卫,强攻手,https://prts.wiki/w/%E6%91%86%E6%B8%A1%E4%BA%BA,F:\1_Projects\其它\arknights-ranking-lab\public\operators\avatars\op-065.webp,avatar,70a21c85e60fd11545151c11318aea92fac9cbeecf37ff1052f2a731a2c2053d,0.2.0
op-066,摩根,op_066,,5,近卫,无畏者,https://prts.wiki/w/%E6%91%A9%E6%A0%B9,F:\1_Projects\其它\arknights-ranking-lab\public\operators\avatars\op-066.webp,avatar,9019d88ee2fbc2b7bec27c81b99a3c4c3ddbb176a524467f103c65efc7919eed,0.2.0
op-067,断崖,op_067,,5,近卫,领主,https://prts.wiki/w/%E6%96%AD%E5%B4%96,F:\1_Projects\其它\arknights-ranking-lab\public\operators\avatars\op-067.webp,avatar,6d8a0385e32a0bed0ae4db743e42173350d8d4abe64085dd323fa0b928c11796,0.2.0
op-068,断罪者,op_068,,4,近卫,无畏者,https://prts.wiki/w/%E6%96%AD%E7%BD%AA%E8%80%85,F:\1_Projects\其它\arknights-ranking-lab\public\operators\avatars\op-068.webp,avatar,0a55ad30776c41c36a8b8fa3caf9bd6c7114b801ef2b799b8cd47c61758053b0,0.2.0
op-070,星极,op_070,,5,近卫,术战者,https://prts.wiki/w/%E6%98%9F%E6%9E%81,F:\1_Projects\其它\arknights-ranking-lab\public\operators\avatars\op-070.webp,avatar,c2ff009a89f33ed2823f135dc991d0c34ad1a88de04f214c326b5466f5c2daab,0.2.0
op-071,暴行,op_071,,5,近卫,强攻手,https://prts.wiki/w/%E6%9A%B4%E8%A1%8C,F:\1_Projects\其它\arknights-ranking-lab\public\operators\avatars\op-071.webp,avatar,c28fb45f01e073247efc67bb2348356fd97ea1a7e1e041e7dce2e51be110426c,0.2.0
op-072,月见夜,op_072,,3,近卫,领主,https://prts.wiki/w/%E6%9C%88%E8%A7%81%E5%A4%9C,F:\1_Projects\其它\arknights-ranking-lab\public\operators\avatars\op-072.webp,avatar,48a4473bd54b05797afd65d2b9f16e3efbfb0e17777483b72853f4527916f1a2,0.2.0
op-073,杜宾,op_073,,4,近卫,教官,https://prts.wiki/w/%E6%9D%9C%E5%AE%BE,F:\1_Projects\其它\arknights-ranking-lab\public\operators\avatars\op-073.webp,avatar,357f4d02dc2aef6fa72ce9b814280260c3df049cca7458faeed274d1dfde549a,0.2.0
op-074,杰克,op_074,,4,近卫,斗士,https://prts.wiki/w/%E6%9D%B0%E5%85%8B,F:\1_Projects\其它\arknights-ranking-lab\public\operators\avatars\op-074.webp,avatar,00ad944a28f5d5258f1af0be4b7b5025b404e676e100bca9feae740b0621188e,0.2.0
op-075,柏喙,op_075,,5,近卫,剑豪,https://prts.wiki/w/%E6%9F%8F%E5%96%99,F:\1_Projects\其它\arknights-ranking-lab\public\operators\avatars\op-075.webp,avatar,67d02a258f5434c9d154617753479e0104dd2345587bf22cd4c44e4bf1a9c79e,0.2.0
op-078,泡普卡,op_078,,3,近卫,强攻手,https://prts.wiki/w/%E6%B3%A1%E6%99%AE%E5%8D%A1,F:\1_Projects\其它\arknights-ranking-lab\public\operators\avatars\op-078.webp,avatar,40183ae837a848f2ee17fefb9f6f7d0f013e900beaf827e56c0ffe4a50c76bb8,0.2.0
op-079,海沫,op_079,,5,近卫,收割者,https://prts.wiki/w/%E6%B5%B7%E6%B2%AB,F:\1_Projects\其它\arknights-ranking-lab\public\operators\avatars\op-079.webp,avatar,185d9291aab4fa68da3afc3bbfa6b59557fb4b1f5c27264686f70004dbdaec51,0.2.0
op-080,火龙S黑角,op_080,,5,近卫,武者,https://prts.wiki/w/%E7%81%AB%E9%BE%99S%E9%BB%91%E8%A7%92,F:\1_Projects\其它\arknights-ranking-lab\public\operators\avatars\op-080.webp,avatar,bc821cf0551e82c0b6e93d56d4bac570e75734f0365c156b0a93407fa0318ae3,0.2.0
op-081,炎客,op_081,,5,近卫,无畏者,https://prts.wiki/w/%E7%82%8E%E5%AE%A2,F:\1_Projects\其它\arknights-ranking-lab\public\operators\avatars\op-081.webp,avatar,319ba3ddf3392526325211ca8a1eac0bd5f916316bf6adf5c9d72772f1d594a0,0.2.0
op-082,烈夏,op_082,,5,近卫,领主,https://prts.wiki/w/%E7%83%88%E5%A4%8F,F:\1_Projects\其它\arknights-ranking-lab\public\operators\avatars\op-082.webp,avatar,a92c95e8e046c02ba8bdc8cdedeb6382c45a3a5bce2d04cca84cd20047e0b083,0.2.0
op-084,燧石,op_084,,5,近卫,斗士,https://prts.wiki/w/%E7%87%A7%E7%9F%B3,F:\1_Projects\其它\arknights-ranking-lab\public\operators\avatars\op-084.webp,avatar,c4f42a51cfdfd7c851616828362ca00ebbea1d672d72634d0edda1f716d1c382,0.2.0
op-085,猎蜂,op_085,,4,近卫,斗士,https://prts.wiki/w/%E7%8C%8E%E8%9C%82,F:\1_Projects\其它\arknights-ranking-lab\public\operators\avatars\op-085.webp,avatar,9fec5b6f7202fd659cc56d3efa1a00e347d82cef3d09d97b854d172ce37732b6,0.2.0
op-087,玫兰莎,op_087,,3,近卫,无畏者,https://prts.wiki/w/%E7%8E%AB%E5%85%B0%E8%8E%8E,F:\1_Projects\其它\arknights-ranking-lab\public\operators\avatars\op-087.webp,avatar,dc74948670552758529ac990f31a42fc2a7648a6b0c924b924e05d15ef15f96e,0.2.0
op-089,石英,op_089,,4,近卫,重剑手,https://prts.wiki/w/%E7%9F%B3%E8%8B%B1,F:\1_Projects\其它\arknights-ranking-lab\public\operators\avatars\op-089.webp,avatar,9deebf59965e3e2da79b7c47ebce01a97111af9e090fb91da4ef7eca19857880,0.2.0
op-090,祐天寺若麦,op_090,,5,近卫,撼地者,https://prts.wiki/w/%E7%A5%90%E5%A4%A9%E5%AF%BA%E8%8B%A5%E9%BA%A6,F:\1_Projects\其它\arknights-ranking-lab\public\operators\avatars\op-090.webp,avatar,3cc2baf5c89f0e3bc832a03cc4a58627b9b360fd716afea79dd349426dd4ff30,0.2.0
op-092,缠丸,op_092,,4,近卫,无畏者,https://prts.wiki/w/%E7%BC%A0%E4%B8%B8,F:\1_Projects\其它\arknights-ranking-lab\public\operators\avatars\op-092.webp,avatar,da6973e862867624189cf6ed0fff7b0799921942cc069fc926f6c66230d1340f,0.2.0
op-093,罗小黑,op_093,,4,近卫,领主,https://prts.wiki/w/%E7%BD%97%E5%B0%8F%E9%BB%91,F:\1_Projects\其它\arknights-ranking-lab\public\operators\avatars\op-093.webp,avatar,3143dbabac4c497a1df5fe444489c43b4aba924b8407628adb76c8b6b3865c64,0.2.0
op-094,羽毛笔,op_094,,5,近卫,收割者,https://prts.wiki/w/%E7%BE%BD%E6%AF%9B%E7%AC%94,F:\1_Projects\其它\arknights-ranking-lab\public\operators\avatars\op-094.webp,avatar,63ad0c791963c4a6b8d78b38b53599addfb8e39062cc9e00d9ae955e562bd418,0.2.0
op-096,聆音,op_096,,5,近卫,本源近卫,https://prts.wiki/w/%E8%81%86%E9%9F%B3,F:\1_Projects\其它\arknights-ranking-lab\public\operators\avatars\op-096.webp,avatar,cf60b4943ad73725d50ce847e08bd9abe6383c0863f314285e0c7957f91a2b0a,0.2.0
op-097,艾丝黛尔,op_097,,4,近卫,强攻手,https://prts.wiki/w/%E8%89%BE%E4%B8%9D%E9%BB%9B%E5%B0%94,F:\1_Projects\其它\arknights-ranking-lab\public\operators\avatars\op-097.webp,avatar,a19ebf4b408a04508acde1b2c9ade53a60251570b2df57272d5c943b4ebe21d6,0.2.0
op-099,芙兰卡,op_099,,5,近卫,无畏者,https://prts.wiki/w/%E8%8A%99%E5%85%B0%E5%8D%A1,F:\1_Projects\其它\arknights-ranking-lab\public\operators\avatars\op-099.webp,avatar,6369acf31bee1d0be5e1f55435c503c99d4a939aa2fd7c586000a3ce21d34938,0.2.0
op-100,芳汀,op_100,,4,近卫,领主,https://prts.wiki/w/%E8%8A%B3%E6%B1%80,F:\1_Projects\其它\arknights-ranking-lab\public\operators\avatars\op-100.webp,avatar,dd4d02868a1d540a36879cb42759b7e43df7d3c2a22e0af0e39714a7d49ccda4,0.2.0
op-101,苍苔,op_101,,5,近卫,教官,https://prts.wiki/w/%E8%8B%8D%E8%8B%94,F:\1_Projects\其它\arknights-ranking-lab\public\operators\avatars\op-101.webp,avatar,6b296e21e1761305ed8ed32339c81046840cc0e0e3494cad55b9b5a8fa51e14a,0.2.0
op-102,莱欧斯,op_102,,5,近卫,无畏者,https://prts.wiki/w/%E8%8E%B1%E6%AC%A7%E6%96%AF,F:\1_Projects\其它\arknights-ranking-lab\public\operators\avatars\op-102.webp,avatar,902fb544d113f91bf531375ead4a627d87729bb87f87a5532c36ad9f12197466,0.2.0
op-104,诗怀雅,op_104,,5,近卫,教官,https://prts.wiki/w/%E8%AF%97%E6%80%80%E9%9B%85,F:\1_Projects\其它\arknights-ranking-lab\public\operators\avatars\op-104.webp,avatar,0e1aa6ff3c8121c3200ab0f0e5a34997389fa16714f5acb7aed64a7d1874bf67,0.2.0
op-106,赤冬,op_106,,5,近卫,武者,https://prts.wiki/w/%E8%B5%A4%E5%86%AC,F:\1_Projects\其它\arknights-ranking-lab\public\operators\avatars\op-106.webp,avatar,7e6afb4a40d236ac9922563d72f296c903de16259c14ef5c3773a629b75b6005,0.2.0
op-110,达格达,op_110,,5,近卫,斗士,https://prts.wiki/w/%E8%BE%BE%E6%A0%BC%E8%BE%BE,F:\1_Projects\其它\arknights-ranking-lab\public\operators\avatars\op-110.webp,avatar,914ea32d0e11def72e99c7b06f6406735c85b0bf8b44aef2010584c8683c168e,0.2.0
op-112,铎铃,op_112,,5,近卫,重剑手,https://prts.wiki/w/%E9%93%8E%E9%93%83,F:\1_Projects\其它\arknights-ranking-lab\public\operators\avatars\op-112.webp,avatar,f964a9cffe2939472f567271b2628bea29e7927b2c0585faa84a92d3ab3185d1,0.2.0
op-114,铸铁,op_114,,5,近卫,术战者,https://prts.wiki/w/%E9%93%B8%E9%93%81,F:\1_Projects\其它\arknights-ranking-lab\public\operators\avatars\op-114.webp,avatar,077dcfe583e58b564eae4cb7482fc9479eb91f0b2b1aed42fa066ed055aa00be,0.2.0
op-116,阿米娅(近卫),op_116,,5,近卫,术战者,https://prts.wiki/w/%E9%98%BF%E7%B1%B3%E5%A8%85%28%E8%BF%91%E5%8D%AB%29,F:\1_Projects\其它\arknights-ranking-lab\public\operators\avatars\op-116.webp,avatar,c1d4834bd500882267dc1ec1e3a80c53eae4f04f4c8786e2ecb00b27ac39c0f9,0.2.0
op-119,霜叶,op_119,,4,近卫,领主,https://prts.wiki/w/%E9%9C%9C%E5%8F%B6,F:\1_Projects\其它\arknights-ranking-lab\public\operators\avatars\op-119.webp,avatar,2f62402b55758938dbe57b137dcf40a905a845d6d802c4bc89c5b09cab999bd5,0.2.0
op-120,鞭刃,op_120,,5,近卫,教官,https://prts.wiki/w/%E9%9E%AD%E5%88%83,F:\1_Projects\其它\arknights-ranking-lab\public\operators\avatars\op-120.webp,avatar,51e7ba845707c06bdc8f015ef5621d142ca3ddffd512efc70c3d85424b1d49da,0.2.0
op-121,骋风,op_121,,4,近卫,解放者,https://prts.wiki/w/%E9%AA%8B%E9%A3%8E,F:\1_Projects\其它\arknights-ranking-lab\public\operators\avatars\op-121.webp,avatar,443a635c30b2c87713f5378ba4c3f8e14c66962448871ddc1f084d7a94181222,0.2.0
op-122,龙舌兰,op_122,,5,近卫,解放者,https://prts.wiki/w/%E9%BE%99%E8%88%8C%E5%85%B0,F:\1_Projects\其它\arknights-ranking-lab\public\operators\avatars\op-122.webp,avatar,6986c792de66de05c5722dc01bbcae123923760ca7434e611e933f0d90b2c74a,0.2.0
op-125,克洛丝,op_125,,3,狙击,速射手,https://prts.wiki/w/%E5%85%8B%E6%B4%9B%E4%B8%9D,F:\1_Projects\其它\arknights-ranking-lab\public\operators\avatars\op-125.webp,avatar,c3158939634a659fe8b86e20c1566b8a68b32d8bd78379d641ed9101520f80c2,0.2.0
op-126,冰酿,op_126,,5,狙击,猎手,https://prts.wiki/w/%E5%86%B0%E9%85%BF,F:\1_Projects\其它\arknights-ranking-lab\public\operators\avatars\op-126.webp,avatar,50783f05172533f7772cb4284bf99b976ccca9a8fc2a9e2aa0aa61376e93f883,0.2.0
op-127,吉星,op_127,,5,狙击,散射手,https://prts.wiki/w/%E5%90%89%E6%98%9F,F:\1_Projects\其它\arknights-ranking-lab\public\operators\avatars\op-127.webp,avatar,24b12fb4d9f57b7ba4f2ea77017fb654d6310d2012616a3670dd12b28e4e11bd,0.2.0
op-128,四月,op_128,,5,狙击,速射手,https://prts.wiki/w/%E5%9B%9B%E6%9C%88,F:\1_Projects\其它\arknights-ranking-lab\public\operators\avatars\op-128.webp,avatar,d52dcc7201ae72e69dc4399208a118adca7fa484c859360771edb8af1a63abb6,0.2.0
op-129,埃拉托,op_129,,5,狙击,攻城手,https://prts.wiki/w/%E5%9F%83%E6%8B%89%E6%89%98,F:\1_Projects\其它\arknights-ranking-lab\public\operators\avatars\op-129.webp,avatar,12c0d780697ac6c712a4cf48931560b735dbee1040ec682ba0ec7078e32d8611,0.2.0
op-130,天空盒,op_130,,5,狙击,裂空炮手,https://prts.wiki/w/%E5%A4%A9%E7%A9%BA%E7%9B%92,F:\1_Projects\其它\arknights-ranking-lab\public\operators\avatars\op-130.webp,avatar,3b87ef273ea62d40288aa451a4fad506a142bbd4a4b0cabfb4066aca85fe227a,0.2.0
op-131,奥斯塔,op_131,,5,狙击,散射手,https://prts.wiki/w/%E5%A5%A5%E6%96%AF%E5%A1%94,F:\1_Projects\其它\arknights-ranking-lab\public\operators\avatars\op-131.webp,avatar,8e0b2684fd1d9595b019d3e18c6f01c0b29fdd50a1778d2627b662db9c3dc7bc,0.2.0
op-133,子月,op_133,,5,狙击,神射手,https://prts.wiki/w/%E5%AD%90%E6%9C%88,F:\1_Projects\其它\arknights-ranking-lab\public\operators\avatars\op-133.webp,avatar,fd9ac879b7d15a80a89f2de79e75aed034afe2d330d31fb7f79bd82c5935789f,0.2.0
op-134,守林人,op_134,,5,狙击,神射手,https://prts.wiki/w/%E5%AE%88%E6%9E%97%E4%BA%BA,F:\1_Projects\其它\arknights-ranking-lab\public\operators\avatars\op-134.webp,avatar,093d8f740b9608d46acbca05ce65d6e999d17a57f77eb978e6907ad02c3410e6,0.2.0
op-135,安哲拉,op_135,,5,狙击,神射手,https://prts.wiki/w/%E5%AE%89%E5%93%B2%E6%8B%89,F:\1_Projects\其它\arknights-ranking-lab\public\operators\avatars\op-135.webp,avatar,4b45381700c9b76fd5072093b142d759612204c23a2a7fefa0db07572f0ae5c0,0.2.0
op-136,安德切尔,op_136,,3,狙击,速射手,https://prts.wiki/w/%E5%AE%89%E5%BE%B7%E5%88%87%E5%B0%94,F:\1_Projects\其它\arknights-ranking-lab\public\operators\avatars\op-136.webp,avatar,e114b03c80a2ae1d2e10847392a63a1fbba837e0d09a4fd21db2e04b8c31192b,0.2.0
op-137,安比尔,op_137,,4,狙击,神射手,https://prts.wiki/w/%E5%AE%89%E6%AF%94%E5%B0%94,F:\1_Projects\其它\arknights-ranking-lab\public\operators\avatars\op-137.webp,avatar,a6070dab397b2cf7476bf4b5457e9b71d2fc0559cd6afcdebb18f54f385864fd,0.2.0
op-138,寒芒克洛丝,op_138,,5,狙击,速射手,https://prts.wiki/w/%E5%AF%92%E8%8A%92%E5%85%8B%E6%B4%9B%E4%B8%9D,F:\1_Projects\其它\arknights-ranking-lab\public\operators\avatars\op-138.webp,avatar,6b9deab487c5eccb73e368a1073856fe68ef40c4ab282dadf092baa8928bc883,0.2.0
op-139,巡林者,op_139,,2,狙击,速射手,https://prts.wiki/w/%E5%B7%A1%E6%9E%97%E8%80%85,F:\1_Projects\其它\arknights-ranking-lab\public\operators\avatars\op-139.webp,avatar,c2e0ec3bfa8daba9337900d97a0ebd45437d5cf14fafa9371a2bfaa3b0af9772,0.2.0
op-140,慑砂,op_140,,5,狙击,炮手,https://prts.wiki/w/%E6%85%91%E7%A0%82,F:\1_Projects\其它\arknights-ranking-lab\public\operators\avatars\op-140.webp,avatar,426a601ad9d0e9e1eea9926801ad1467a24058af4d91594d2e7be721047f1624,0.2.0
op-141,截云,op_141,,5,狙击,炮手,https://prts.wiki/w/%E6%88%AA%E4%BA%91,F:\1_Projects\其它\arknights-ranking-lab\public\operators\avatars\op-141.webp,avatar,b57c4eeeac24ccd97bea5348e27007308a067bb6d1f00d4e4ba5b58ee35a6a5a,0.2.0
op-142,承曦格雷伊,op_142,,5,狙击,投掷手,https://prts.wiki/w/%E6%89%BF%E6%9B%A6%E6%A0%BC%E9%9B%B7%E4%BC%8A,F:\1_Projects\其它\arknights-ranking-lab\public\operators\avatars\op-142.webp,avatar,14e45b455b0b35f619fa5c1dec83aff3bffcc9f7c42223aba5abb214312a708d,0.2.0
op-145,普罗旺斯,op_145,,5,狙击,重射手,https://prts.wiki/w/%E6%99%AE%E7%BD%97%E6%97%BA%E6%96%AF,F:\1_Projects\其它\arknights-ranking-lab\public\operators\avatars\op-145.webp,avatar,3508b6c7d5a30d94098052835e213d7b21d71ec87f2c9fa844bc55e3e3f03942,0.2.0
op-146,杰西卡,op_146,,4,狙击,速射手,https://prts.wiki/w/%E6%9D%B0%E8%A5%BF%E5%8D%A1,F:\1_Projects\其它\arknights-ranking-lab\public\operators\avatars\op-146.webp,avatar,019742729c218851c58408e325765a86038d350bab3dcbd9b5961b98bda13229,0.2.0
op-147,松果,op_147,,4,狙击,散射手,https://prts.wiki/w/%E6%9D%BE%E6%9E%9C,F:\1_Projects\其它\arknights-ranking-lab\public\operators\avatars\op-147.webp,avatar,a9231ca3ee00b71cc12c15871c9106a47376a9640a100fdaa48c4d4b79f29cb4,0.2.0
op-148,梅,op_148,,4,狙击,速射手,https://prts.wiki/w/%E6%A2%85,F:\1_Projects\其它\arknights-ranking-lab\public\operators\avatars\op-148.webp,avatar,6b0941b78c88cafd396fb59d07e43aabd11fd2db22069a90d4613ccb0c1e7879,0.2.0
op-149,正义骑士号,op_149,,1,狙击,速射手,https://prts.wiki/w/%E6%AD%A3%E4%B9%89%E9%AA%91%E5%A3%AB%E5%8F%B7,F:\1_Projects\其它\arknights-ranking-lab\public\operators\avatars\op-149.webp,avatar,a6a17013b97d23d805a4808bbe102dcef078f34a9217f6c66859eb8971ebfcac,0.2.0
op-150,水灯心,op_150,,5,狙击,回环射手,https://prts.wiki/w/%E6%B0%B4%E7%81%AF%E5%BF%83,F:\1_Projects\其它\arknights-ranking-lab\public\operators\avatars\op-150.webp,avatar,fc1bddd6af077385d0ceb0340c677c2d2baa2ed5fdca3cac5bfe51b97ee8aeba,0.2.0
op-151,泰拉大陆调查团,op_151,,1,狙击,投掷手,https://prts.wiki/w/%E6%B3%B0%E6%8B%89%E5%A4%A7%E9%99%86%E8%B0%83%E6%9F%A5%E5%9B%A2,F:\1_Projects\其它\arknights-ranking-lab\public\operators\avatars\op-151.webp,avatar,76d186454d088efee891b7bf5637b3617b1f95790888c3b7d6ccdc3ea98bc7e5,0.2.0
op-152,流星,op_152,,4,狙击,速射手,https://prts.wiki/w/%E6%B5%81%E6%98%9F,F:\1_Projects\其它\arknights-ranking-lab\public\operators\avatars\op-152.webp,avatar,e6bd7493f1fa2660a8c49616f27ae9bd3a857928acf50581f7211776274191e1,0.2.0
op-153,灰喉,op_153,,5,狙击,速射手,https://prts.wiki/w/%E7%81%B0%E5%96%89,F:\1_Projects\其它\arknights-ranking-lab\public\operators\avatars\op-153.webp,avatar,b5577fb6a97866f9bad3e7a0b7b10eae82029993f97826c9e5f41d0b89b03e47,0.2.0
op-155,熔泉,op_155,,5,狙击,攻城手,https://prts.wiki/w/%E7%86%94%E6%B3%89,F:\1_Projects\其它\arknights-ranking-lab\public\operators\avatars\op-155.webp,avatar,4c1f952779b677ed555baf9191de0b2169195daf63b7c7cb626278b8f29d8e70,0.2.0
op-156,玫拉,op_156,,5,狙击,重射手,https://prts.wiki/w/%E7%8E%AB%E6%8B%89,F:\1_Projects\其它\arknights-ranking-lab\public\operators\avatars\op-156.webp,avatar,6cb6af51f02ddeeb2998d3acb0a4f4ac3f5be0c2f6455b3d2b328423f0457a23,0.2.0
op-157,白金,op_157,,5,狙击,速射手,https://prts.wiki/w/%E7%99%BD%E9%87%91,F:\1_Projects\其它\arknights-ranking-lab\public\operators\avatars\op-157.webp,avatar,df879fae44e4a626761bba3fc302c14c01fd91dd487666e16d6e18418622b406,0.2.0
op-158,白雪,op_158,,4,狙击,炮手,https://prts.wiki/w/%E7%99%BD%E9%9B%AA,F:\1_Projects\其它\arknights-ranking-lab\public\operators\avatars\op-158.webp,avatar,5cc4771271c2cc0c148f5155f8558a841549ea50d656c051f88b26ac468233c0,0.2.0
op-159,矩,op_159,,5,狙击,攻城手,https://prts.wiki/w/%E7%9F%A9,F:\1_Projects\其它\arknights-ranking-lab\public\operators\avatars\op-159.webp,avatar,47ea28882e9b385f4354bf6c57d628c0ad369d5337baf4b85856e12812beed89,0.2.0
op-161,空爆,op_161,,3,狙击,炮手,https://prts.wiki/w/%E7%A9%BA%E7%88%86,F:\1_Projects\其它\arknights-ranking-lab\public\operators\avatars\op-161.webp,avatar,c5d79e478d222dbfddd9f617e6da015757b4c6f771296a94a4fbdae294ecea9f,0.2.0
op-162,红云,op_162,,4,狙击,速射手,https://prts.wiki/w/%E7%BA%A2%E4%BA%91,F:\1_Projects\其它\arknights-ranking-lab\public\operators\avatars\op-162.webp,avatar,d8cca06f1d6b544f7c40edbee35882650bcedbf2bd90414836f30208812e9569,0.2.0
op-167,蓝毒,op_167,,5,狙击,速射手,https://prts.wiki/w/%E8%93%9D%E6%AF%92,F:\1_Projects\其它\arknights-ranking-lab\public\operators\avatars\op-167.webp,avatar,b4d89dfe8c91b63ac64177465401b2cd27ec254ae1d8c52b96e6e4f924d81730,0.2.0
op-169,跃跃,op_169,,4,狙击,回环射手,https://prts.wiki/w/%E8%B7%83%E8%B7%83,F:\1_Projects\其它\arknights-ranking-lab\public\operators\avatars\op-169.webp,avatar,0f312ca8699ae09e887a96f790161fd30eea62416ff8bf63a8f57e51ed75ba94,0.2.0
op-172,送葬人,op_172,,5,狙击,散射手,https://prts.wiki/w/%E9%80%81%E8%91%AC%E4%BA%BA,F:\1_Projects\其它\arknights-ranking-lab\public\operators\avatars\op-172.webp,avatar,269df575597a723824c61c6e61d7ad4f710d54e1ddadb3f555ac77416779c99b,0.2.0
op-173,酸糖,op_173,,4,狙击,重射手,https://prts.wiki/w/%E9%85%B8%E7%B3%96,F:\1_Projects\其它\arknights-ranking-lab\public\operators\avatars\op-173.webp,avatar,d3ab1bb1539174e04730ad1694223cdcf54b49f1642def28a3e1051534c37d97,0.2.0
op-174,铅踝,op_174,,4,狙击,攻城手,https://prts.wiki/w/%E9%93%85%E8%B8%9D,F:\1_Projects\其它\arknights-ranking-lab\public\operators\avatars\op-174.webp,avatar,fcc7b753ab609e62fe7fe321f08a3766dffd71a7be97eb92f153bca66b8e3aec,0.2.0
op-175,陨星,op_175,,5,狙击,炮手,https://prts.wiki/w/%E9%99%A8%E6%98%9F,F:\1_Projects\其它\arknights-ranking-lab\public\operators\avatars\op-175.webp,avatar,5889b26b18243eaa5cb4e82274790f597b142e30e88d5ea4b12a75c4498c075b,0.2.0
op-176,隐现,op_176,,5,狙击,速射手,https://prts.wiki/w/%E9%9A%90%E7%8E%B0,F:\1_Projects\其它\arknights-ranking-lab\public\operators\avatars\op-176.webp,avatar,517d532b7b2e849df95c1826109c357afc4df89a3f462e2dae9f4fedd4c41f2c,0.2.0
op-177,雪猎,op_177,,5,狙击,猎手,https://prts.wiki/w/%E9%9B%AA%E7%8C%8E,F:\1_Projects\其它\arknights-ranking-lab\public\operators\avatars\op-177.webp,avatar,7e5815d933d5d18e16c706123cb0ead928b906d564df4eaba64894f5e58d674d,0.2.0
op-180,Friston-3,op_180,,1,重装,铁卫,https://prts.wiki/w/Friston-3,F:\1_Projects\其它\arknights-ranking-lab\public\operators\avatars\op-180.webp,avatar,c453471f17e6b31c12a8eeff1ee71ac563bf94e2778b6a65dc2e6dbac397de4b,0.2.0
op-181,临光,op_181,,5,重装,守护者,https://prts.wiki/w/%E4%B8%B4%E5%85%89,F:\1_Projects\其它\arknights-ranking-lab\public\operators\avatars\op-181.webp,avatar,ee0d2b405fe4efc0c61de2f00de14a5c07179f579eac1208f60719f46a209cf2,0.2.0
op-184,卡缇,op_184,,3,重装,铁卫,https://prts.wiki/w/%E5%8D%A1%E7%BC%87,F:\1_Projects\其它\arknights-ranking-lab\public\operators\avatars\op-184.webp,avatar,b339ffa60a8f68dc3dc96ab3828814351c3667a95b36276e38ba12ad4e9c4143,0.2.0
op-185,古米,op_185,,4,重装,守护者,https://prts.wiki/w/%E5%8F%A4%E7%B1%B3,F:\1_Projects\其它\arknights-ranking-lab\public\operators\avatars\op-185.webp,avatar,1d6496352bf5226e11d7fc169d32060b500a3c6f15e6ee28f6f5473278c83c18,0.2.0
op-186,可颂,op_186,,5,重装,铁卫,https://prts.wiki/w/%E5%8F%AF%E9%A2%82,F:\1_Projects\其它\arknights-ranking-lab\public\operators\avatars\op-186.webp,avatar,caa007e6b4b328545be74b41f1562c5d88f0fc2389b68b4547d4747f4953d360,0.2.0
op-188,吽,op_188,,5,重装,守护者,https://prts.wiki/w/%E5%90%BD,F:\1_Projects\其它\arknights-ranking-lab\public\operators\avatars\op-188.webp,avatar,eaa26654a1870d9b5c78542ed949cdfa2db87f41ac2de796ebf544b065175362,0.2.0
op-189,响石,op_189,,5,重装,本源铁卫,https://prts.wiki/w/%E5%93%8D%E7%9F%B3,F:\1_Projects\其它\arknights-ranking-lab\public\operators\avatars\op-189.webp,avatar,d2a453a60955a62219ef83f73dce866d34b946989b7d0f1aa4f04d4e82c1f5d2,0.2.0
op-190,坚雷,op_190,,4,重装,驭法铁卫,https://prts.wiki/w/%E5%9D%9A%E9%9B%B7,F:\1_Projects\其它\arknights-ranking-lab\public\operators\avatars\op-190.webp,avatar,d5531ac3be19758ac615623cd214ac6b5676c12925727fe99de72516a1c7058d,0.2.0
op-193,折桠,op_193,,5,重装,不屈者,https://prts.wiki/w/%E6%8A%98%E6%A1%A0,F:\1_Projects\其它\arknights-ranking-lab\public\operators\avatars\op-193.webp,avatar,f03c09b3ce64989b403f7feee340e32295c7e7775523b0a562b2395e2a0b0b27,0.2.0
op-194,拜松,op_194,,5,重装,铁卫,https://prts.wiki/w/%E6%8B%9C%E6%9D%BE,F:\1_Projects\其它\arknights-ranking-lab\public\operators\avatars\op-194.webp,avatar,38d4173170e78dad39d25811a7ef99b23db9441d68ea651dd2a79f3dcf1777cf,0.2.0
op-195,斑点,op_195,,3,重装,守护者,https://prts.wiki/w/%E6%96%91%E7%82%B9,F:\1_Projects\其它\arknights-ranking-lab\public\operators\avatars\op-195.webp,avatar,a5a9e26509be9b4bb94d6599935a4369f3714cc9181ff54ed05419ee5df04617,0.2.0
op-199,暮落,op_199,,5,重装,驭法铁卫,https://prts.wiki/w/%E6%9A%AE%E8%90%BD,F:\1_Projects\其它\arknights-ranking-lab\public\operators\avatars\op-199.webp,avatar,8d0e0d44f35c4fe4bfa6f78dce9ed23f8d911b0732f0f2df1dd312bc4edfccd4,0.2.0
op-200,暴雨,op_200,,5,重装,铁卫,https://prts.wiki/w/%E6%9A%B4%E9%9B%A8,F:\1_Projects\其它\arknights-ranking-lab\public\operators\avatars\op-200.webp,avatar,e642cf78e4d9aae2c6b3dd4051b3955876ed5c924c50d2ed89da6107dbbbcefb,0.2.0
op-201,极光,op_201,,5,重装,决战者,https://prts.wiki/w/%E6%9E%81%E5%85%89,F:\1_Projects\其它\arknights-ranking-lab\public\operators\avatars\op-201.webp,avatar,0c80bd223ae1efe441ca3cfe805aea901c682e4a57783ead8b4fd57725c863c3,0.2.0
op-203,森西,op_203,,5,重装,守护者,https://prts.wiki/w/%E6%A3%AE%E8%A5%BF,F:\1_Projects\其它\arknights-ranking-lab\public\operators\avatars\op-203.webp,avatar,bc36d99f92dc9e4733164565c4bc9365613c218d1e5396be7c168f667f4d44f7,0.2.0
op-204,泡泡,op_204,,4,重装,铁卫,https://prts.wiki/w/%E6%B3%A1%E6%B3%A1,F:\1_Projects\其它\arknights-ranking-lab\public\operators\avatars\op-204.webp,avatar,484d86b54b364e4df4ea9f0513113959fc5580a5be1d684aa8f9a628b1adca52,0.2.0
op-206,洋灰,op_206,,5,重装,决战者,https://prts.wiki/w/%E6%B4%8B%E7%81%B0,F:\1_Projects\其它\arknights-ranking-lab\public\operators\avatars\op-206.webp,avatar,fe3f28618756018edc15e17680ae442dd11ad06052205741c2be3fbe4701ad05,0.2.0
op-208,深巡,op_208,,5,重装,哨戒铁卫,https://prts.wiki/w/%E6%B7%B1%E5%B7%A1,F:\1_Projects\其它\arknights-ranking-lab\public\operators\avatars\op-208.webp,avatar,5e7e6e3159189fc77b7ad08b0d8dc3dad8e52cdaf7411ff763670ad9fc5c0cf1,0.2.0
op-209,深律,op_209,,5,重装,守护者,https://prts.wiki/w/%E6%B7%B1%E5%BE%8B,F:\1_Projects\其它\arknights-ranking-lab\public\operators\avatars\op-209.webp,avatar,9cea1eb335ef22b71770d4f783ebd9d17a8234f589783b0cab9b2973b826da76,0.2.0
op-210,火哨,op_210,,5,重装,要塞,https://prts.wiki/w/%E7%81%AB%E5%93%A8,F:\1_Projects\其它\arknights-ranking-lab\public\operators\avatars\op-210.webp,avatar,d829881bf9193e5add619c65f8eacb53405504b5f13d6de7299ef024cf637e3c,0.2.0
op-211,火神,op_211,,5,重装,不屈者,https://prts.wiki/w/%E7%81%AB%E7%A5%9E,F:\1_Projects\其它\arknights-ranking-lab\public\operators\avatars\op-211.webp,avatar,47650be81e16a035d758eca5ea3b9e27c2f637fc534ebfc5dada704d5e06aa08,0.2.0
op-212,灰毫,op_212,,5,重装,要塞,https://prts.wiki/w/%E7%81%B0%E6%AF%AB,F:\1_Projects\其它\arknights-ranking-lab\public\operators\avatars\op-212.webp,avatar,51320da339a89ca591fb26d049d4449e9d6f3b22b6c44fe25f27b755d42e606c,0.2.0
op-214,石棉,op_214,,5,重装,驭法铁卫,https://prts.wiki/w/%E7%9F%B3%E6%A3%89,F:\1_Projects\其它\arknights-ranking-lab\public\operators\avatars\op-214.webp,avatar,fdbb3c6dfc547b208044368fd1450ea52f66470fb4ab31549d8ad833afcecc24,0.2.0
op-215,米格鲁,op_215,,3,重装,铁卫,https://prts.wiki/w/%E7%B1%B3%E6%A0%BC%E9%B2%81,F:\1_Projects\其它\arknights-ranking-lab\public\operators\avatars\op-215.webp,avatar,f39be844a81dae44069b05165628841f29f3ce2a7c368545f9a995bdacc42114,0.2.0
op-216,菲莱,op_216,,5,重装,本源铁卫,https://prts.wiki/w/%E8%8F%B2%E8%8E%B1,F:\1_Projects\其它\arknights-ranking-lab\public\operators\avatars\op-216.webp,avatar,b4bd3bfb13b1ecc63f31cd67cbc321d76c8c9f55d277e1b3f70495ca9def3ec1,0.2.0
op-217,蛇屠箱,op_217,,4,重装,铁卫,https://prts.wiki/w/%E8%9B%87%E5%B1%A0%E7%AE%B1,F:\1_Projects\其它\arknights-ranking-lab\public\operators\avatars\op-217.webp,avatar,813bf36867b5fcc1b64bb76577d04f2f94f8dbc1e7bd79cc729d95889e2fbe20,0.2.0
op-218,角峰,op_218,,4,重装,铁卫,https://prts.wiki/w/%E8%A7%92%E5%B3%B0,F:\1_Projects\其它\arknights-ranking-lab\public\operators\avatars\op-218.webp,avatar,252918cf6dd240ce8d21ebb41f94f32b8fdd8c517cf55fb8e5cfff00757ebd1a,0.2.0
op-219,车尔尼,op_219,,5,重装,驭法铁卫,https://prts.wiki/w/%E8%BD%A6%E5%B0%94%E5%B0%BC,F:\1_Projects\其它\arknights-ranking-lab\public\operators\avatars\op-219.webp,avatar,41e1e2e45b850e54209275674d18782a7122839df25f3d250c962f0ba643b2cb,0.2.0
op-220,闪击,op_220,,5,重装,哨戒铁卫,https://prts.wiki/w/%E9%97%AA%E5%87%BB,F:\1_Projects\其它\arknights-ranking-lab\public\operators\avatars\op-220.webp,avatar,943439ce9c19a553c6ece00bd8ced5b443c0dd6c260e7d64a4c17f779ac2ed85,0.2.0
op-221,雷蛇,op_221,,5,重装,哨戒铁卫,https://prts.wiki/w/%E9%9B%B7%E8%9B%87,F:\1_Projects\其它\arknights-ranking-lab\public\operators\avatars\op-221.webp,avatar,08916db2a55e18eca5b82bd97b9f7342ed71667996ac852f3b5127d4dad04695,0.2.0
op-222,露托,op_222,,4,重装,不屈者,https://prts.wiki/w/%E9%9C%B2%E6%89%98,F:\1_Projects\其它\arknights-ranking-lab\public\operators\avatars\op-222.webp,avatar,25219e8fd524337bf4e247189def4bdfb130c21dcd18ebc61a565c9ffbc8ef25,0.2.0
op-224,黑角,op_224,,2,重装,铁卫,https://prts.wiki/w/%E9%BB%91%E8%A7%92,F:\1_Projects\其它\arknights-ranking-lab\public\operators\avatars\op-224.webp,avatar,b0d2b18fc3037ee9ea5020a8af8b760391864013f80a34a478e7bba2903198bb,0.2.0
op-225,Lancet-2,op_225,,1,医疗,医师,https://prts.wiki/w/Lancet-2,F:\1_Projects\其它\arknights-ranking-lab\public\operators\avatars\op-225.webp,avatar,5ca13908036d647caeb21da93c6ceee7a453c03f0c76337216fd1b779ec9de94,0.2.0
op-227,乌啾,op_227,,5,医疗,链愈师,https://prts.wiki/w/%E4%B9%8C%E5%95%BE,F:\1_Projects\其它\arknights-ranking-lab\public\operators\avatars\op-227.webp,avatar,d994bda03454cd276c4df1a82860c7b69fab702c75ba35808027607cd0712c21,0.2.0
op-228,亚叶,op_228,,5,医疗,医师,https://prts.wiki/w/%E4%BA%9A%E5%8F%B6,F:\1_Projects\其它\arknights-ranking-lab\public\operators\avatars\op-228.webp,avatar,c0755c58f3cf8d7e288a52178a46c0a489ed4993d8d8f1303fb9286b0715a838,0.2.0
op-230,刺玫,op_230,,5,医疗,咒愈师,https://prts.wiki/w/%E5%88%BA%E7%8E%AB,F:\1_Projects\其它\arknights-ranking-lab\public\operators\avatars\op-230.webp,avatar,1c5c975c6ddd3bc0f6fa4177862f4d725faa056e80030d62a27e51b1a0e11dfc,0.2.0
op-231,华法琳,op_231,,5,医疗,医师,https://prts.wiki/w/%E5%8D%8E%E6%B3%95%E7%90%B3,F:\1_Projects\其它\arknights-ranking-lab\public\operators\avatars\op-231.webp,avatar,64db72cb946552dc6187cee4e9fb0b4ab3f4c133724008d790d2fd747a63d233,0.2.0
op-232,哈洛德,op_232,,5,医疗,行医,https://prts.wiki/w/%E5%93%88%E6%B4%9B%E5%BE%B7,F:\1_Projects\其它\arknights-ranking-lab\public\operators\avatars\op-232.webp,avatar,417d50f7e0593fd4a455fbdd3acaffb6e596141582679ed4fd38d3d26aa98d3e,0.2.0
op-233,嘉维尔,op_233,,4,医疗,医师,https://prts.wiki/w/%E5%98%89%E7%BB%B4%E5%B0%94,F:\1_Projects\其它\arknights-ranking-lab\public\operators\avatars\op-233.webp,avatar,7380887298e3ac9703091b9ac620371a9d404359d17865c255a35beee42aa330,0.2.0
op-234,图耶,op_234,,5,医疗,医师,https://prts.wiki/w/%E5%9B%BE%E8%80%B6,F:\1_Projects\其它\arknights-ranking-lab\public\operators\avatars\op-234.webp,avatar,798334c63b79cbfe8bd836800f326d2ff4b912fabeb8a77ffb843a1bc3976979,0.2.0
op-236,安赛尔,op_236,,3,医疗,医师,https://prts.wiki/w/%E5%AE%89%E8%B5%9B%E5%B0%94,F:\1_Projects\其它\arknights-ranking-lab\public\operators\avatars\op-236.webp,avatar,ee74860eeb16a58ea880e71b973614f6318add2135c54ead19209185aefd93ec,0.2.0
op-237,录武官,op_237,,5,医疗,医师,https://prts.wiki/w/%E5%BD%95%E6%AD%A6%E5%AE%98,F:\1_Projects\其它\arknights-ranking-lab\public\operators\avatars\op-237.webp,avatar,8196c74ac216a2d0fa946607a2c7d74441bce81ca77ec81cfc89615194ec8a2d,0.2.0
op-238,微风,op_238,,5,医疗,群愈师,https://prts.wiki/w/%E5%BE%AE%E9%A3%8E,F:\1_Projects\其它\arknights-ranking-lab\public\operators\avatars\op-238.webp,avatar,ac4d0fe3589e40e4213504c8778996dd1cb7313712dc472334b3ec4aa9771a82,0.2.0
op-239,明椒,op_239,,5,医疗,链愈师,https://prts.wiki/w/%E6%98%8E%E6%A4%92,F:\1_Projects\其它\arknights-ranking-lab\public\operators\avatars\op-239.webp,avatar,bb80e1eaaaf547f402720d955cbb34917d50211fc344ad66b17fc17939edd68f,0.2.0
op-240,末药,op_240,,4,医疗,医师,https://prts.wiki/w/%E6%9C%AB%E8%8D%AF,F:\1_Projects\其它\arknights-ranking-lab\public\operators\avatars\op-240.webp,avatar,142b7b3b99945eab44c877836bab4d403ad9ab5ffc7fee6fa6a0ea3026162820,0.2.0
op-241,桑葚,op_241,,5,医疗,行医,https://prts.wiki/w/%E6%A1%91%E8%91%9A,F:\1_Projects\其它\arknights-ranking-lab\public\operators\avatars\op-241.webp,avatar,3d603dae645a2d9905bb7f3a7a2717a661e871f4c41f19e4f6d20686f69c33f2,0.2.0
op-243,清流,op_243,,4,医疗,疗养师,https://prts.wiki/w/%E6%B8%85%E6%B5%81,F:\1_Projects\其它\arknights-ranking-lab\public\operators\avatars\op-243.webp,avatar,81269dd5f36093042b28b4b2fcb438c0d07d3864e5a8a268a911f93ce5354705,0.2.0
op-244,濯尘芙蓉,op_244,,5,医疗,咒愈师,https://prts.wiki/w/%E6%BF%AF%E5%B0%98%E8%8A%99%E8%93%89,F:\1_Projects\其它\arknights-ranking-lab\public\operators\avatars\op-244.webp,avatar,46dd80424f86d2cdf2ee103cb5401d874b4276b147e53ef2eebad062f5a94167,0.2.0
op-246,瑰盐,op_246,,5,医疗,群愈师,https://prts.wiki/w/%E7%91%B0%E7%9B%90,F:\1_Projects\其它\arknights-ranking-lab\public\operators\avatars\op-246.webp,avatar,f28145c4b0de06dddedd0f7a7046de324f7de0a3fb9bdf72198c96e16546035b,0.2.0
op-247,白面鸮,op_247,,5,医疗,群愈师,https://prts.wiki/w/%E7%99%BD%E9%9D%A2%E9%B8%AE,F:\1_Projects\其它\arknights-ranking-lab\public\operators\avatars\op-247.webp,avatar,a851a77f556d07db00944a0673858decc82e0ebe7ae4f0e111ab6ad75b66e3e1,0.2.0
op-248,絮雨,op_248,,5,医疗,疗养师,https://prts.wiki/w/%E7%B5%AE%E9%9B%A8,F:\1_Projects\其它\arknights-ranking-lab\public\operators\avatars\op-248.webp,avatar,2af8452add14b3ef8e9e77c0c78c23dd53c42c93efafb2734ef33fde381099a4,0.2.0
op-251,芙蓉,op_251,,3,医疗,医师,https://prts.wiki/w/%E8%8A%99%E8%93%89,F:\1_Projects\其它\arknights-ranking-lab\public\operators\avatars\op-251.webp,avatar,1ad2e414979c5d1906f30a959c57da5b0a09d8e2241ad9b75a46fee201bce8b2,0.2.0
op-252,苏苏洛,op_252,,4,医疗,医师,https://prts.wiki/w/%E8%8B%8F%E8%8B%8F%E6%B4%9B,F:\1_Projects\其它\arknights-ranking-lab\public\operators\avatars\op-252.webp,avatar,58571bc291b817a074ed0ad87283b65b088946e963e4015ab9c930db9fbc61b1,0.2.0
op-253,莎草,op_253,,5,医疗,链愈师,https://prts.wiki/w/%E8%8E%8E%E8%8D%89,F:\1_Projects\其它\arknights-ranking-lab\public\operators\avatars\op-253.webp,avatar,e2358107a51dd6d2ce9359aa049858bb458f539bbcbe82fd6760314dd1a1ab05,0.2.0
op-254,蜜莓,op_254,,5,医疗,行医,https://prts.wiki/w/%E8%9C%9C%E8%8E%93,F:\1_Projects\其它\arknights-ranking-lab\public\operators\avatars\op-254.webp,avatar,73039c4eae10a6b0f6770386532942c5dff468e166d1a12105e011accb5f6934,0.2.0
op-255,褐果,op_255,,4,医疗,行医,https://prts.wiki/w/%E8%A4%90%E6%9E%9C,F:\1_Projects\其它\arknights-ranking-lab\public\operators\avatars\op-255.webp,avatar,bde48f1efe15eaf82cfb04b2ed38ea6ad618c5490e63cfd03fbd8d673f38a929,0.2.0
op-256,诺威尔,op_256,,5,医疗,疗养师,https://prts.wiki/w/%E8%AF%BA%E5%A8%81%E5%B0%94,F:\1_Projects\其它\arknights-ranking-lab\public\operators\avatars\op-256.webp,avatar,aa1c7a318feab772b958d79694188703206823c3ba9cf4e347757e1c64d80b18,0.2.0
op-257,调香师,op_257,,4,医疗,群愈师,https://prts.wiki/w/%E8%B0%83%E9%A6%99%E5%B8%88,F:\1_Projects\其它\arknights-ranking-lab\public\operators\avatars\op-257.webp,avatar,bb7154acf634ebc52886d959a98b430d7efc6a2bf31d8e822ef848caec5dbe1b,0.2.0
op-258,赫默,op_258,,5,医疗,医师,https://prts.wiki/w/%E8%B5%AB%E9%BB%98,F:\1_Projects\其它\arknights-ranking-lab\public\operators\avatars\op-258.webp,avatar,bc605551d65503753603956b435ff59980086fbf7c481910481abb5ecfa1198e,0.2.0
op-259,锡兰,op_259,,5,医疗,疗养师,https://prts.wiki/w/%E9%94%A1%E5%85%B0,F:\1_Projects\其它\arknights-ranking-lab\public\operators\avatars\op-259.webp,avatar,75523f0f649ad634181ef0ccc99f3ff095d73c476f5b2c63c099809e127c181d,0.2.0
op-261,阿米娅(医疗),op_261,,5,医疗,咒愈师,https://prts.wiki/w/%E9%98%BF%E7%B1%B3%E5%A8%85%28%E5%8C%BB%E7%96%97%29,F:\1_Projects\其它\arknights-ranking-lab\public\operators\avatars\op-261.webp,avatar,bbddc853b1542942183e5b41f3533b93a24377dce08187a1423c7057ef0ea92c,0.2.0
op-262,风絮,op_262,,5,医疗,守望者,https://prts.wiki/w/%E9%A3%8E%E7%B5%AE,F:\1_Projects\其它\arknights-ranking-lab\public\operators\avatars\op-262.webp,avatar,b72e7b25c51ff5bc0bf4ee8286dd200f88cee910c6810d0b4c4b5fbae15ddbc4,0.2.0
op-263,PhonoR-0,op_263,,1,辅助,巫役,https://prts.wiki/w/PhonoR-0,F:\1_Projects\其它\arknights-ranking-lab\public\operators\avatars\op-263.webp,avatar,079735746d7d524c484b2b04b217141d9a2266e6c1871281924e217227f7fb51,0.2.0
op-264,U-Official,op_264,,1,辅助,吟游者,https://prts.wiki/w/U-Official,F:\1_Projects\其它\arknights-ranking-lab\public\operators\avatars\op-264.webp,avatar,2714927478bae11dd0c52a7ebe3faf9e21b877130c7f4404a6e224881f65409c,0.2.0
op-265,三角初华,op_265,,5,辅助,吟游者,https://prts.wiki/w/%E4%B8%89%E8%A7%92%E5%88%9D%E5%8D%8E,F:\1_Projects\其它\arknights-ranking-lab\public\operators\avatars\op-265.webp,avatar,e73f07e8741e77c1b305b4cdc64582b6fd420e426610dde66929784974c11330,0.2.0
op-266,九色鹿,op_266,,5,辅助,护佑者,https://prts.wiki/w/%E4%B9%9D%E8%89%B2%E9%B9%BF,F:\1_Projects\其它\arknights-ranking-lab\public\operators\avatars\op-266.webp,avatar,3413628a60627f82b67e49f37d952f736add9bf37c8a49032a917e591948865a,0.2.0
op-268,伯塔尼,op_268,,5,辅助,巫役,https://prts.wiki/w/%E4%BC%AF%E5%A1%94%E5%B0%BC,F:\1_Projects\其它\arknights-ranking-lab\public\operators\avatars\op-268.webp,avatar,9b5992aae4e71f6a33ae243b3fa9d88b8481909d3433f6441e5faa222ba4807e,0.2.0
op-269,但书,op_269,,5,辅助,凝滞师,https://prts.wiki/w/%E4%BD%86%E4%B9%A6,F:\1_Projects\其它\arknights-ranking-lab\public\operators\avatars\op-269.webp,avatar,cf46b9133e11d776f54a342a37b8e2bed1bda148dfbc2cb8f68c5202b52546ce,0.2.0
op-270,凛视,op_270,,5,辅助,巫役,https://prts.wiki/w/%E5%87%9B%E8%A7%86,F:\1_Projects\其它\arknights-ranking-lab\public\operators\avatars\op-270.webp,avatar,de4c88b62a1e6ea6eea0826f0f779f28aa4132086f157fe13bba227fb079feda,0.2.0
op-271,凯瑟琳,op_271,,5,辅助,工匠,https://prts.wiki/w/%E5%87%AF%E7%91%9F%E7%90%B3,F:\1_Projects\其它\arknights-ranking-lab\public\operators\avatars\op-271.webp,avatar,75ab1b5b1c39a3f712ee3faa968423d7bc565740a68d45d35f85994adc41c983,0.2.0
op-272,初雪,op_272,,5,辅助,削弱者,https://prts.wiki/w/%E5%88%9D%E9%9B%AA,F:\1_Projects\其它\arknights-ranking-lab\public\operators\avatars\op-272.webp,avatar,65be2e6df657d77c28b49f878ce34ecf6308b4e8bdaaccfb0fb426992e79c8a8,0.2.0
op-273,地灵,op_273,,4,辅助,凝滞师,https://prts.wiki/w/%E5%9C%B0%E7%81%B5,F:\1_Projects\其它\arknights-ranking-lab\public\operators\avatars\op-273.webp,avatar,1b0a58943b11595718b90fa9df260b3b5e31271ff2b483c131bcb60f1327ff15,0.2.0
op-275,夏栎,op_275,,5,辅助,护佑者,https://prts.wiki/w/%E5%A4%8F%E6%A0%8E,F:\1_Projects\其它\arknights-ranking-lab\public\operators\avatars\op-275.webp,avatar,cb66997fa73d9677ac9d4c9f8171dc0be14e0eaac34c10029ec4fb48993730fc,0.2.0
op-278,小满,op_278,,5,辅助,凝滞师,https://prts.wiki/w/%E5%B0%8F%E6%BB%A1,F:\1_Projects\其它\arknights-ranking-lab\public\operators\avatars\op-278.webp,avatar,40eed8f847b27c4ea4cbdd998dc6decd8e9ff876c3190c347c966410e9260635,0.2.0
op-279,巫恋,op_279,,5,辅助,削弱者,https://prts.wiki/w/%E5%B7%AB%E6%81%8B,F:\1_Projects\其它\arknights-ranking-lab\public\operators\avatars\op-279.webp,avatar,9af794ebcb09409248109057cfeeb66da4dfb19b271aeccdea48494870ab96ad,0.2.0
op-280,掠风,op_280,,5,辅助,工匠,https://prts.wiki/w/%E6%8E%A0%E9%A3%8E,F:\1_Projects\其它\arknights-ranking-lab\public\operators\avatars\op-280.webp,avatar,af8ba0406e8b49805ef96056e53a6045eaf3396c4957b01f9c7cd3dc371d6362,0.2.0
op-281,撷英调香师,op_281,,5,辅助,护佑者,https://prts.wiki/w/%E6%92%B7%E8%8B%B1%E8%B0%83%E9%A6%99%E5%B8%88,F:\1_Projects\其它\arknights-ranking-lab\public\operators\avatars\op-281.webp,avatar,14bdee7de61e71228f96d109ddd4ee19c376b05166b812f3a17309cd54063bd8,0.2.0
op-282,月禾,op_282,,5,辅助,护佑者,https://prts.wiki/w/%E6%9C%88%E7%A6%BE,F:\1_Projects\其它\arknights-ranking-lab\public\operators\avatars\op-282.webp,avatar,e76ad73e9985daac088dbdbd565dadd7539ec9895b3b71e8be08ef76663552d5,0.2.0
op-283,格劳克斯,op_283,,5,辅助,凝滞师,https://prts.wiki/w/%E6%A0%BC%E5%8A%B3%E5%85%8B%E6%96%AF,F:\1_Projects\其它\arknights-ranking-lab\public\operators\avatars\op-283.webp,avatar,8aaeeb6b2df88d88d7eb45bd1348de700781eca2003f4f63b0f4b16b5724d153,0.2.0
op-284,梅尔,op_284,,5,辅助,召唤师,https://prts.wiki/w/%E6%A2%85%E5%B0%94,F:\1_Projects\其它\arknights-ranking-lab\public\operators\avatars\op-284.webp,avatar,5ee3004363c68054916d7fe0a98b1bb929ca8c81b0813a58e42d010e9ef03a88,0.2.0
op-285,梓兰,op_285,,3,辅助,凝滞师,https://prts.wiki/w/%E6%A2%93%E5%85%B0,F:\1_Projects\其它\arknights-ranking-lab\public\operators\avatars\op-285.webp,avatar,843025185428c43d33e7f8a0eec173b04d2707146510f9ff57ff4ea7feb5eaa6,0.2.0
op-286,波卜,op_286,,5,辅助,巫役,https://prts.wiki/w/%E6%B3%A2%E5%8D%9C,F:\1_Projects\其它\arknights-ranking-lab\public\operators\avatars\op-286.webp,avatar,39975c1cd31f35ab23aec9661520b873b939a00f930a5dd38e55d60b5b7c4cdb,0.2.0
op-287,波登可,op_287,,4,辅助,凝滞师,https://prts.wiki/w/%E6%B3%A2%E7%99%BB%E5%8F%AF,F:\1_Projects\其它\arknights-ranking-lab\public\operators\avatars\op-287.webp,avatar,27876ce52c2746492d04dded49707bef8d50c2d4cc7cf274b7596eae8809d84b,0.2.0
op-289,海蒂,op_289,,5,辅助,吟游者,https://prts.wiki/w/%E6%B5%B7%E8%92%82,F:\1_Projects\其它\arknights-ranking-lab\public\operators\avatars\op-289.webp,avatar,e588318c6904b7430f74f0063804c559b524143a2f6d86a3cef1affb42cc64f4,0.2.0
op-290,海霓,op_290,,5,辅助,削弱者,https://prts.wiki/w/%E6%B5%B7%E9%9C%93,F:\1_Projects\其它\arknights-ranking-lab\public\operators\avatars\op-290.webp,avatar,aa9421c506d457a8c2f98d2a2669a690510e1d9ee486d34137c227a11637e515,0.2.0
op-292,深海色,op_292,,4,辅助,召唤师,https://prts.wiki/w/%E6%B7%B1%E6%B5%B7%E8%89%B2,F:\1_Projects\其它\arknights-ranking-lab\public\operators\avatars\op-292.webp,avatar,199e6fc5f81c4cbca31d14db55e888d20618d5d890a6951b13b73a4762b8df8e,0.2.0
op-297,真理,op_297,,5,辅助,凝滞师,https://prts.wiki/w/%E7%9C%9F%E7%90%86,F:\1_Projects\其它\arknights-ranking-lab\public\operators\avatars\op-297.webp,avatar,39dc0e79b29cc93d1b8fdf01bab0f16848444cbe5b5fff5841a3b4caf16fb5aa,0.2.0
op-298,稀音,op_298,,5,辅助,召唤师,https://prts.wiki/w/%E7%A8%80%E9%9F%B3,F:\1_Projects\其它\arknights-ranking-lab\public\operators\avatars\op-298.webp,avatar,427bd29423abc3d616c7b4f7f3578115ce37d9b803dc6cc91364c4dd9db77caf,0.2.0
op-299,空,op_299,,5,辅助,吟游者,https://prts.wiki/w/%E7%A9%BA,F:\1_Projects\其它\arknights-ranking-lab\public\operators\avatars\op-299.webp,avatar,ca4dc8d46f2656dadb124bc4fc0b85001d14003bc7cbc0f2d47a451efca8b3ca,0.2.0
op-300,罗比菈塔,op_300,,4,辅助,工匠,https://prts.wiki/w/%E7%BD%97%E6%AF%94%E8%8F%88%E5%A1%94,F:\1_Projects\其它\arknights-ranking-lab\public\operators\avatars\op-300.webp,avatar,3a7e605b15621511021b506f1483cbc7dcbc31ff5a11f5f9c70438a77c20ffb4,0.2.0
op-301,行箸,op_301,,5,辅助,护佑者,https://prts.wiki/w/%E8%A1%8C%E7%AE%B8,F:\1_Projects\其它\arknights-ranking-lab\public\operators\avatars\op-301.webp,avatar,773642aa6931511db97819bb5b5d70b98753f3be21fa3776188968822bf915ad,0.2.0
op-302,衡沙,op_302,,5,辅助,召唤师,https://prts.wiki/w/%E8%A1%A1%E6%B2%99,F:\1_Projects\其它\arknights-ranking-lab\public\operators\avatars\op-302.webp,avatar,69082f0fb6b6b5c84950001233d5069331e0c7756bb3292e433b566cc98baaaf,0.2.0
op-306,阿兰娜,op_306,,5,辅助,工匠,https://prts.wiki/w/%E9%98%BF%E5%85%B0%E5%A8%9C,F:\1_Projects\其它\arknights-ranking-lab\public\operators\avatars\op-306.webp,avatar,394e990c7935cd0aec3472810b707f83d98441ccdcee7444777d4bc8498d0fdd,0.2.0
op-309,12F,op_309,,2,术师,扩散术师,https://prts.wiki/w/12F,F:\1_Projects\其它\arknights-ranking-lab\public\operators\avatars\op-309.webp,avatar,e24865f5219bea21f35b38693d64124aa31c74af62a236a4974d8c1eab5e63f7,0.2.0
op-310,Miss.Christine,op_310,,5,术师,本源术师,https://prts.wiki/w/Miss.Christine,F:\1_Projects\其它\arknights-ranking-lab\public\operators\avatars\op-310.webp,avatar,560c4eb1f72152a2c3f8b002b5136085ec92a27e189c2e2295cf12d155661865,0.2.0
op-313,协律,op_313,,4,术师,轰击术师,https://prts.wiki/w/%E5%8D%8F%E5%BE%8B,F:\1_Projects\其它\arknights-ranking-lab\public\operators\avatars\op-313.webp,avatar,eed6c23f167e5e5cb5303b7dd40fe6b57c70c87fcfa736c42bfee0327fb86a2d,0.2.0
op-315,卡达,op_315,,4,术师,驭械术师,https://prts.wiki/w/%E5%8D%A1%E8%BE%BE,F:\1_Projects\其它\arknights-ranking-lab\public\operators\avatars\op-315.webp,avatar,fd3e1f61fa8fe3e43956a788862f5ca312816eb9dd345439d10c0fd5670b1c49,0.2.0
op-316,史都华德,op_316,,3,术师,中坚术师,https://prts.wiki/w/%E5%8F%B2%E9%83%BD%E5%8D%8E%E5%BE%B7,F:\1_Projects\其它\arknights-ranking-lab\public\operators\avatars\op-316.webp,avatar,60a12409a27e262ad1d1327420c7900f9f00b40acd1abc9c062910cba5e0e9d8,0.2.0
op-317,和弦,op_317,,5,术师,秘术师,https://prts.wiki/w/%E5%92%8C%E5%BC%A6,F:\1_Projects\其它\arknights-ranking-lab\public\operators\avatars\op-317.webp,avatar,9627b87a68a65762ae00a41be09f9a73c3d3d4b7ee15b2aae309828f96ebb990,0.2.0
op-319,复奏,op_319,,5,术师,扩散术师,https://prts.wiki/w/%E5%A4%8D%E5%A5%8F,F:\1_Projects\其它\arknights-ranking-lab\public\operators\avatars\op-319.webp,avatar,34baaf7bbd0ca0b2ff14a3e6fc0c4a74771ee9460c3041311996a8ef5abcf1bd,0.2.0
op-321,夜烟,op_321,,4,术师,中坚术师,https://prts.wiki/w/%E5%A4%9C%E7%83%9F,F:\1_Projects\其它\arknights-ranking-lab\public\operators\avatars\op-321.webp,avatar,806b65be1bda1af3e1eb71f7f7fd302eb92225e677e6a1b66d7a535ab33702fe,0.2.0
op-322,夜魔,op_322,,5,术师,中坚术师,https://prts.wiki/w/%E5%A4%9C%E9%AD%94,F:\1_Projects\其它\arknights-ranking-lab\public\operators\avatars\op-322.webp,avatar,cc01fad04df7efd8ec7d6e771b14c7875b03fbc0c7cdcd4cfe937c1ea3fbc8da,0.2.0
op-323,天火,op_323,,5,术师,扩散术师,https://prts.wiki/w/%E5%A4%A9%E7%81%AB,F:\1_Projects\其它\arknights-ranking-lab\public\operators\avatars\op-323.webp,avatar,120ef512124c33170c60b25a54143e9901ef07e54ac0f4d84186821eb0fbac0f,0.2.0
op-325,寒檀,op_325,,5,术师,扩散术师,https://prts.wiki/w/%E5%AF%92%E6%AA%80,F:\1_Projects\其它\arknights-ranking-lab\public\operators\avatars\op-325.webp,avatar,67448d250763b9e00d4a3ab7f3ddef33e333b5b1cb96ca1de0e9636657c91f26,0.2.0
op-326,布丁,op_326,,4,术师,链术师,https://prts.wiki/w/%E5%B8%83%E4%B8%81,F:\1_Projects\其它\arknights-ranking-lab\public\operators\avatars\op-326.webp,avatar,8015a0ba46da5e6c11f829ad59cdfdc89897ef3d276ced893984ce060306f30b,0.2.0
op-328,惊蛰,op_328,,5,术师,链术师,https://prts.wiki/w/%E6%83%8A%E8%9B%B0,F:\1_Projects\其它\arknights-ranking-lab\public\operators\avatars\op-328.webp,avatar,00dcc8b7545e9a67b716d3bdc7203797bac2d3368724bf0432f35208d9b5fc7f,0.2.0
op-329,戴菲恩,op_329,,5,术师,秘术师,https://prts.wiki/w/%E6%88%B4%E8%8F%B2%E6%81%A9,F:\1_Projects\其它\arknights-ranking-lab\public\operators\avatars\op-329.webp,avatar,bf29af886e0c1cf856571e9229418676d52dfb98d15194820a12457b5cbdcc94,0.2.0
op-330,折光,op_330,,5,术师,本源术师,https://prts.wiki/w/%E6%8A%98%E5%85%89,F:\1_Projects\其它\arknights-ranking-lab\public\operators\avatars\op-330.webp,avatar,4ce53bbc0faa99a00cb123235635861cd267be233d506f1250b8d0b980b5cc95,0.2.0
op-331,星源,op_331,,5,术师,链术师,https://prts.wiki/w/%E6%98%9F%E6%BA%90,F:\1_Projects\其它\arknights-ranking-lab\public\operators\avatars\op-331.webp,avatar,baa4618dd3372664d40dec98b92e0f77e0f25b63569b2363c00caf1c25ac9d0e,0.2.0
op-332,杜林,op_332,,2,术师,中坚术师,https://prts.wiki/w/%E6%9D%9C%E6%9E%97,F:\1_Projects\其它\arknights-ranking-lab\public\operators\avatars\op-332.webp,avatar,7d2d7962c126ad548ad7b584ba0bcec69c622d977c299f4115483f70d76e3002,0.2.0
op-334,格雷伊,op_334,,4,术师,扩散术师,https://prts.wiki/w/%E6%A0%BC%E9%9B%B7%E4%BC%8A,F:\1_Projects\其它\arknights-ranking-lab\public\operators\avatars\op-334.webp,avatar,b9bed6160d4adf565452b51b10e377d1412ef2490b719abaec92a1aafbd81c0a,0.2.0
op-336,洛洛,op_336,,5,术师,驭械术师,https://prts.wiki/w/%E6%B4%9B%E6%B4%9B,F:\1_Projects\其它\arknights-ranking-lab\public\operators\avatars\op-336.webp,avatar,85bfa96a7608c7ee2d87076df56f2fc1b94c4c59fd9703396caa670b2bbc08cb,0.2.0
op-337,深靛,op_337,,4,术师,秘术师,https://prts.wiki/w/%E6%B7%B1%E9%9D%9B,F:\1_Projects\其它\arknights-ranking-lab\public\operators\avatars\op-337.webp,avatar,1b82aeab0d0099013b6eccd38edda8cd8168bb1451f841e29c1932880a685754,0.2.0
op-338,温米,op_338,,5,术师,本源术师,https://prts.wiki/w/%E6%B8%A9%E7%B1%B3,F:\1_Projects\其它\arknights-ranking-lab\public\operators\avatars\op-338.webp,avatar,c0efd018ade61900dcbeb4edd9bb39ec0ef1a0017937410692d787aee9ca2af3,0.2.0
op-340,炎熔,op_340,,3,术师,扩散术师,https://prts.wiki/w/%E7%82%8E%E7%86%94,F:\1_Projects\其它\arknights-ranking-lab\public\operators\avatars\op-340.webp,avatar,8517059f7870db4d145722bce5459933b365201e383581d3de0970ab04df19c7,0.2.0
op-341,炎狱炎熔,op_341,,5,术师,扩散术师,https://prts.wiki/w/%E7%82%8E%E7%8B%B1%E7%82%8E%E7%86%94,F:\1_Projects\其它\arknights-ranking-lab\public\operators\avatars\op-341.webp,avatar,42991ab4204238dde633e3ebe73888444afda98fc0a9d540e1e9d3561161a7aa,0.2.0
op-343,爱丽丝,op_343,,5,术师,秘术师,https://prts.wiki/w/%E7%88%B1%E4%B8%BD%E4%B8%9D,F:\1_Projects\其它\arknights-ranking-lab\public\operators\avatars\op-343.webp,avatar,8273036d09e1df03bf38875b0e4ce4363eda50cda8b1ce22c1868f9486280025,0.2.0
op-344,特克诺,op_344,,5,术师,塑灵术师,https://prts.wiki/w/%E7%89%B9%E5%85%8B%E8%AF%BA,F:\1_Projects\其它\arknights-ranking-lab\public\operators\avatars\op-344.webp,avatar,6c5da9fe7e27a314fcf5add9adca7edf11a0bae3dc98b920381ea37a241bf2c7,0.2.0
op-345,特米米,op_345,,5,术师,中坚术师,https://prts.wiki/w/%E7%89%B9%E7%B1%B3%E7%B1%B3,F:\1_Projects\其它\arknights-ranking-lab\public\operators\avatars\op-345.webp,avatar,7f0389a49987694e879bde1f52545c0a25e7b86ed17c130f4add7f99da200ab4,0.2.0
op-348,耶拉,op_348,,5,术师,驭械术师,https://prts.wiki/w/%E8%80%B6%E6%8B%89,F:\1_Projects\其它\arknights-ranking-lab\public\operators\avatars\op-348.webp,avatar,51314cc4ac3f31605a69c00185059bc34fa6f2468697ac66b8b20f818569836c,0.2.0
op-349,至简,op_349,,5,术师,驭械术师,https://prts.wiki/w/%E8%87%B3%E7%AE%80,F:\1_Projects\其它\arknights-ranking-lab\public\operators\avatars\op-349.webp,avatar,605a9c4609022a98d4a2c95817fd6c3edd5f40a85814edb3dd6be524bd433adb,0.2.0
op-351,苦艾,op_351,,5,术师,中坚术师,https://prts.wiki/w/%E8%8B%A6%E8%89%BE,F:\1_Projects\其它\arknights-ranking-lab\public\operators\avatars\op-351.webp,avatar,f1aeed0c097915855416cbd43fd28f559a9a9eed52e8f382efff41c802b2378d,0.2.0
op-354,莱恩哈特,op_354,,5,术师,扩散术师,https://prts.wiki/w/%E8%8E%B1%E6%81%A9%E5%93%88%E7%89%B9,F:\1_Projects\其它\arknights-ranking-lab\public\operators\avatars\op-354.webp,avatar,8e007173aa4148366a8a694f977153e23e54c34dd604d8ebe2a416ff3af1faf9,0.2.0
op-355,薄绿,op_355,,5,术师,阵法术师,https://prts.wiki/w/%E8%96%84%E7%BB%BF,F:\1_Projects\其它\arknights-ranking-lab\public\operators\avatars\op-355.webp,avatar,8d1c608f4cf0e64461dc73d758c843572ba4dcc66bc60a345573e852db02c088,0.2.0
op-356,蚀清,op_356,,5,术师,轰击术师,https://prts.wiki/w/%E8%9A%80%E6%B8%85,F:\1_Projects\其它\arknights-ranking-lab\public\operators\avatars\op-356.webp,avatar,e2371a52d3776bbbc35400f1e11446a20929403210a49ad9dc36b8436bd943ca,0.2.0
op-357,蜜蜡,op_357,,5,术师,阵法术师,https://prts.wiki/w/%E8%9C%9C%E8%9C%A1,F:\1_Projects\其它\arknights-ranking-lab\public\operators\avatars\op-357.webp,avatar,ed28fe4ae78578ececb64ca70351eaaa97c9d11c122bc9358a9176e7114bc4f6,0.2.0
op-358,远山,op_358,,4,术师,扩散术师,https://prts.wiki/w/%E8%BF%9C%E5%B1%B1,F:\1_Projects\其它\arknights-ranking-lab\public\operators\avatars\op-358.webp,avatar,dc123e5f6ade48d484ad3d0fd90450807747b7a7beea661564a34c7e2ca3f7d7,0.2.0
op-360,阿米娅,op_360,,5,术师,中坚术师,https://prts.wiki/w/%E9%98%BF%E7%B1%B3%E5%A8%85,F:\1_Projects\其它\arknights-ranking-lab\public\operators\avatars\op-360.webp,avatar,2134e75ec07800946979753542ca377496ce9b4bbaaf06f22142e467ce8d10cc,0.2.0
op-361,阿罗玛,op_361,,5,术师,轰击术师,https://prts.wiki/w/%E9%98%BF%E7%BD%97%E7%8E%9B,F:\1_Projects\其它\arknights-ranking-lab\public\operators\avatars\op-361.webp,avatar,269dbe71b3f93219bcb8d787d663f5cb8a08d1b747211e0f822e9dbba3e0f521,0.2.0
op-362,雪绒,op_362,,5,术师,中坚术师,https://prts.wiki/w/%E9%9B%AA%E7%BB%92,F:\1_Projects\其它\arknights-ranking-lab\public\operators\avatars\op-362.webp,avatar,35185413fae59b561fc02a856ab4a36cf74d63357c673e56c2cf644e9857a3bf,0.2.0
op-365,THRM-EX,op_365,,1,特种,处决者,https://prts.wiki/w/THRM-EX,F:\1_Projects\其它\arknights-ranking-lab\public\operators\avatars\op-365.webp,avatar,9282870085297423c07a31e07f55c8358cf8a676796df11d81fe65b66b4b0db5,0.2.0
op-366,乌有,op_366,,5,特种,行商,https://prts.wiki/w/%E4%B9%8C%E6%9C%89,F:\1_Projects\其它\arknights-ranking-lab\public\operators\avatars\op-366.webp,avatar,f8144f3c214311d87484e2f1a28e8910ae65db57f9900c1a7ffd70b1ab06359c,0.2.0
op-367,云迹,op_367,,4,特种,巡空者,https://prts.wiki/w/%E4%BA%91%E8%BF%B9,F:\1_Projects\其它\arknights-ranking-lab\public\operators\avatars\op-367.webp,avatar,92e37b2d580fda5afa0eb8a6a16510cafaec1043aa83f6542a83d9ac10bf419d,0.2.0
op-368,伊桑,op_368,,4,特种,伏击客,https://prts.wiki/w/%E4%BC%8A%E6%A1%91,F:\1_Projects\其它\arknights-ranking-lab\public\operators\avatars\op-368.webp,avatar,2cb1b9c28f3cb5ba5c28cead542446ae903a79cc9dacf96a64fb4e482ee09fe7,0.2.0
op-370,八幡海铃,op_370,,5,特种,伏击客,https://prts.wiki/w/%E5%85%AB%E5%B9%A1%E6%B5%B7%E9%93%83,F:\1_Projects\其它\arknights-ranking-lab\public\operators\avatars\op-370.webp,avatar,ab453da05f2a83c99f71eb11bdc91c5d90db5e8729eb337d5df8620891c978c3,0.2.0
op-371,卡夫卡,op_371,,5,特种,处决者,https://prts.wiki/w/%E5%8D%A1%E5%A4%AB%E5%8D%A1,F:\1_Projects\其它\arknights-ranking-lab\public\operators\avatars\op-371.webp,avatar,803e5833b7c740a1043c7eeef898ed6932bd536b1c90eaa36224b20d0bfd4924,0.2.0
op-372,双月,op_372,,5,特种,傀儡师,https://prts.wiki/w/%E5%8F%8C%E6%9C%88,F:\1_Projects\其它\arknights-ranking-lab\public\operators\avatars\op-372.webp,avatar,4877c5054f10549a628eced4ed96ee27a3280e189d6223df9d4ddf5980ddc13b,0.2.0
op-374,孑,op_374,,4,特种,行商,https://prts.wiki/w/%E5%AD%91,F:\1_Projects\其它\arknights-ranking-lab\public\operators\avatars\op-374.webp,avatar,acafb3df13c1d5cbf53a5b62a9b3c416bf9d85e7a03b21983f7e83b7e299983f,0.2.0
op-375,崖心,op_375,,5,特种,钩索师,https://prts.wiki/w/%E5%B4%96%E5%BF%83,F:\1_Projects\其它\arknights-ranking-lab\public\operators\avatars\op-375.webp,avatar,f43ad95ea66444542f133592383d83d258429c632a330abba328c01afc13796e,0.2.0
op-380,暗索,op_380,,4,特种,钩索师,https://prts.wiki/w/%E6%9A%97%E7%B4%A2,F:\1_Projects\其它\arknights-ranking-lab\public\operators\avatars\op-380.webp,avatar,b068e24e91d867500cccfbd4f9100912db55356bfb472e1000bf3f4ebd4718d9,0.2.0
op-382,杏仁,op_382,,5,特种,钩索师,https://prts.wiki/w/%E6%9D%8F%E4%BB%81,F:\1_Projects\其它\arknights-ranking-lab\public\operators\avatars\op-382.webp,avatar,e7aa9098924eed7aea16d62cdbd9b93ad1bcd7b0d7f3e1614a3a810ac5a5eb81,0.2.0
op-383,槐琥,op_383,,5,特种,处决者,https://prts.wiki/w/%E6%A7%90%E7%90%A5,F:\1_Projects\其它\arknights-ranking-lab\public\operators\avatars\op-383.webp,avatar,6693e46f2a98dc6043a7a25296fb3978dfd4d7a7adc3251f827ed25c96e52300,0.2.0
op-387,狮蝎,op_387,,5,特种,伏击客,https://prts.wiki/w/%E7%8B%AE%E8%9D%8E,F:\1_Projects\其它\arknights-ranking-lab\public\operators\avatars\op-387.webp,avatar,aeb82f13f88dacac92f33cd97a1c0748311db5e5d77e6cadfd6c6a8ccf57a081,0.2.0
op-389,砾,op_389,,4,特种,处决者,https://prts.wiki/w/%E7%A0%BE,F:\1_Projects\其它\arknights-ranking-lab\public\operators\avatars\op-389.webp,avatar,a8171bf6eae2cbcc83ec2af911e9f8058f16b3886ba2942259eb2f629e0eb4ab,0.2.0
op-390,空构,op_390,,5,特种,怪杰,https://prts.wiki/w/%E7%A9%BA%E6%9E%84,F:\1_Projects\其它\arknights-ranking-lab\public\operators\avatars\op-390.webp,avatar,da9a7c43d8dfaaa097cebb602abe71379af3917c99e580838cadc162b1f671f9,0.2.0
op-391,红,op_391,,5,特种,处决者,https://prts.wiki/w/%E7%BA%A2,F:\1_Projects\其它\arknights-ranking-lab\public\operators\avatars\op-391.webp,avatar,cdbd8802a8933047b2145accfa45c2be3ae393ae311b2e04597b7a0b271ef953,0.2.0
op-392,绮良,op_392,,5,特种,伏击客,https://prts.wiki/w/%E7%BB%AE%E8%89%AF,F:\1_Projects\其它\arknights-ranking-lab\public\operators\avatars\op-392.webp,avatar,5b00befd4f89bb60f25ebcff2294754190547abb7d6c985e9b2e55e7763ec7a2,0.2.0
op-393,维荻,op_393,,4,特种,傀儡师,https://prts.wiki/w/%E7%BB%B4%E8%8D%BB,F:\1_Projects\其它\arknights-ranking-lab\public\operators\avatars\op-393.webp,avatar,c6e56d2a4dc8e3089aa6f785d74521a95aeb76b145fa6bfbe350822bfe0142a1,0.2.0
op-395,罗宾,op_395,,5,特种,陷阱师,https://prts.wiki/w/%E7%BD%97%E5%AE%BE,F:\1_Projects\其它\arknights-ranking-lab\public\operators\avatars\op-395.webp,avatar,26a9c5689e3f02782ad10666617aadc090abe8dcff0b278f1f84eefd3d8054a4,0.2.0
op-398,若叶睦,op_398,,5,特种,傀儡师,https://prts.wiki/w/%E8%8B%A5%E5%8F%B6%E7%9D%A6,F:\1_Projects\其它\arknights-ranking-lab\public\operators\avatars\op-398.webp,avatar,068ba114e02320c302a8f0b90f6b79e8e5a61a167acad610111578e8e3cfe0be,0.2.0
op-399,蒂比,op_399,,5,特种,巡空者,https://prts.wiki/w/%E8%92%82%E6%AF%94,F:\1_Projects\其它\arknights-ranking-lab\public\operators\avatars\op-399.webp,avatar,2543cbd5449ff68ebe10d880f949447373f8f58051de9c9386888603dfb562ae,0.2.0
op-400,裁度,op_400,,5,特种,行商,https://prts.wiki/w/%E8%A3%81%E5%BA%A6,F:\1_Projects\其它\arknights-ranking-lab\public\operators\avatars\op-400.webp,avatar,206d324636b512c67d5a528c2612c95f27596e8703675d7f3d7bdc980b0a6a99,0.2.0
op-401,见行者,op_401,,5,特种,推击手,https://prts.wiki/w/%E8%A7%81%E8%A1%8C%E8%80%85,F:\1_Projects\其它\arknights-ranking-lab\public\operators\avatars\op-401.webp,avatar,531b2b037b3872b9badaaaf3a57df921f7bb182cf15ecbc9c6a98c648ab6d446,0.2.0
op-402,贝娜,op_402,,5,特种,傀儡师,https://prts.wiki/w/%E8%B4%9D%E5%A8%9C,F:\1_Projects\其它\arknights-ranking-lab\public\operators\avatars\op-402.webp,avatar,331b4047eb3fb6a1a16b4136c45557386958a4538d1009993d737c68c178fc3f,0.2.0
op-403,钼铅,op_403,,5,特种,陷阱师,https://prts.wiki/w/%E9%92%BC%E9%93%85,F:\1_Projects\其它\arknights-ranking-lab\public\operators\avatars\op-403.webp,avatar,7e5feae4f9ede4eebe0b37a0addc676f302b6e6823adb5c8d1cbd9bf55f85e71,0.2.0
op-404,锡人,op_404,,5,特种,炼金师,https://prts.wiki/w/%E9%94%A1%E4%BA%BA,F:\1_Projects\其它\arknights-ranking-lab\public\operators\avatars\op-404.webp,avatar,aecff77d3e0334e507fb88dd0d6b6261796b1a8ae25e0f718b8ce0ca3a4fd0a1,0.2.0
op-407,阿消,op_407,,4,特种,推击手,https://prts.wiki/w/%E9%98%BF%E6%B6%88,F:\1_Projects\其它\arknights-ranking-lab\public\operators\avatars\op-407.webp,avatar,c37d9edc57dc8d40b65efa75024683c0c9be9e30e2ad977d620061cdfb230c7b,0.2.0
op-408,雪雉,op_408,,5,特种,钩索师,https://prts.wiki/w/%E9%9B%AA%E9%9B%89,F:\1_Projects\其它\arknights-ranking-lab\public\operators\avatars\op-408.webp,avatar,36b04f0817e2593874812a2923444b3192ce53a35a5005e2a069e9441e8b6ea9,0.2.0
op-409,霜华,op_409,,5,特种,陷阱师,https://prts.wiki/w/%E9%9C%9C%E5%8D%8E,F:\1_Projects\其它\arknights-ranking-lab\public\operators\avatars\op-409.webp,avatar,c285806201a7696c10ee47bfc366f7d96b61993f37a8cf9e6a8eb112feabe4b2,0.2.0
op-410,风丸,op_410,,5,特种,傀儡师,https://prts.wiki/w/%E9%A3%8E%E4%B8%B8,F:\1_Projects\其它\arknights-ranking-lab\public\operators\avatars\op-410.webp,avatar,78ecc8e0b0991c3c299b35439eafb7f3526a107641b2874191db662c79a60bff,0.2.0
op-411,食铁兽,op_411,,5,特种,推击手,https://prts.wiki/w/%E9%A3%9F%E9%93%81%E5%85%BD,F:\1_Projects\其它\arknights-ranking-lab\public\operators\avatars\op-411.webp,avatar,be6e1ab45a365771a7527b732ea1b3c2aa17482ee3740c6913a29609f6f56ed0,0.2.0
op-414,裂响,op_414,,5,重装,本源铁卫,https://prts.wiki/w/%E8%A3%82%E5%93%8D,F:\1_Projects\其它\arknights-ranking-lab\public\operators\avatars\op-414.webp,avatar,c3757167541dfff486a0c6c439454b0950f3419f77700b6dc053cdca31c9cf46,0.2.0
op-416,GALLUS²,op_416,,1,术师,中坚术师,https://prts.wiki/w/GALLUS%C2%B2,F:\1_Projects\其它\arknights-ranking-lab\public\operators\avatars\op-416.webp,avatar,e976c2db9c274a75ec597765c0ea00661bd2647154fff990bf6d26c4a34084cb,0.2.0
