operator_id,role,rank,hex,notes
op-003,theme,1,#92362B,auto_body_avatar_fixed_colorlist
op-003,accent_1,2,#46241E,auto_body_avatar_fixed_colorlist
op-003,accent_2,3,#AF7469,auto_body_avatar_fixed_colorlist
op-003,dark,4,#1B1717,auto_body_avatar_fixed_colorlist
op-003,light,5,#F3E6DE,auto_body_avatar_fixed_colorlist
op-003,neutral,6,#1B1717,auto_body_avatar_fixed_colorlist
op-003,support_7,7,#888281,auto_body_avatar_fixed_colorlist
op-003,support_8,8,#4A423F,auto_body_avatar_fixed_colorlist
op-004,theme,1,#3A3F47,auto_body_avatar_fixed_colorlist
op-004,accent_1,2,#3A3F47,auto_body_avatar_fixed_colorlist
op-004,accent_2,3,#15171F,auto_body_avatar_fixed_colorlist
op-004,dark,4,#15171F,auto_body_avatar_fixed_colorlist
op-004,light,5,#E2D8D4,auto_body_avatar_fixed_colorlist
op-004,neutral,6,#E2D8D4,auto_body_avatar_fixed_colorlist
op-004,support_7,7,#211756,auto_body_avatar_fixed_colorlist
op-004,support_8,8,#80838B,auto_body_avatar_fixed_colorlist
op-007,theme,1,#603F6C,auto_body_avatar_fixed_colorlist
op-007,accent_1,2,#603F6C,auto_body_avatar_fixed_colorlist
op-007,accent_2,3,#1B1C24,auto_body_avatar_fixed_colorlist
op-007,dark,4,#1B1C24,auto_body_avatar_fixed_colorlist
op-007,light,5,#F1DEE0,auto_body_avatar_fixed_colorlist
op-007,neutral,6,#E1E1E8,auto_body_avatar_fixed_colorlist
op-007,support_7,7,#87848E,auto_body_avatar_fixed_colorlist
op-007,support_8,8,#4D4B57,auto_body_avatar_fixed_colorlist
op-012,theme,1,#CB989F,auto_body_avatar_fixed_colorlist
op-012,accent_1,2,#CB989F,auto_body_avatar_fixed_colorlist
op-012,accent_2,3,#121116,auto_body_avatar_fixed_colorlist
op-012,dark,4,#121116,auto_body_avatar_fixed_colorlist
op-012,light,5,#FBEFE8,auto_body_avatar_fixed_colorlist
op-012,neutral,6,#7F797D,auto_body_avatar_fixed_colorlist
op-012,support_7,7,#615A5F,auto_body_avatar_fixed_colorlist
op-012,support_8,8,#AEA5A4,auto_body_avatar_fixed_colorlist
op-014,theme,1,#D2C7A8,auto_body_avatar_fixed_colorlist
op-014,accent_1,2,#746C52,auto_body_avatar_fixed_colorlist
op-014,accent_2,3,#978E6F,auto_body_avatar_fixed_colorlist
op-014,dark,4,#252119,auto_body_avatar_fixed_colorlist
op-014,light,5,#F6F0E9,auto_body_avatar_fixed_colorlist
op-014,neutral,6,#C8C5C5,auto_body_avatar_fixed_colorlist
op-014,support_7,7,#94908E,auto_body_avatar_fixed_colorlist
op-014,support_8,8,#5A564E,auto_body_avatar_fixed_colorlist
op-015,theme,1,#BFA576,auto_body_avatar_fixed_colorlist
op-015,accent_1,2,#4A3117,auto_body_avatar_fixed_colorlist
op-015,accent_2,3,#675644,auto_body_avatar_fixed_colorlist
op-015,dark,4,#281A0F,auto_body_avatar_fixed_colorlist
op-015,light,5,#F0DDCA,auto_body_avatar_fixed_colorlist
op-015,neutral,6,#A39488,auto_body_avatar_fixed_colorlist
op-015,support_7,7,#694D28,auto_body_avatar_fixed_colorlist
op-015,support_8,8,#896C43,auto_body_avatar_fixed_colorlist
op-023,theme,1,#C44D39,auto_body_avatar_fixed_colorlist
op-023,accent_1,2,#D1A192,auto_body_avatar_fixed_colorlist
op-023,accent_2,3,#713D39,auto_body_avatar_fixed_colorlist
op-023,dark,4,#382B28,auto_body_avatar_fixed_colorlist
op-023,light,5,#F2E5DA,auto_body_avatar_fixed_colorlist
op-023,neutral,6,#B8B0AC,auto_body_avatar_fixed_colorlist
op-023,support_7,7,#9B635C,auto_body_avatar_fixed_colorlist
op-023,support_8,8,#963E36,auto_body_avatar_fixed_colorlist
op-024,theme,1,#E3CAA0,auto_body_avatar_fixed_colorlist
op-024,accent_1,2,#333549,auto_body_avatar_fixed_colorlist
op-024,accent_2,3,#636A86,auto_body_avatar_fixed_colorlist
op-024,dark,4,#2D1C1E,auto_body_avatar_fixed_colorlist
op-024,light,5,#F1E1CD,auto_body_avatar_fixed_colorlist
op-024,neutral,6,#B3A49F,auto_body_avatar_fixed_colorlist
op-024,support_7,7,#99735A,auto_body_avatar_fixed_colorlist
op-024,support_8,8,#653F30,auto_body_avatar_fixed_colorlist
op-027,theme,1,#87946E,operator sage uniform
op-027,accent_1,2,#C6B44A,device warm gold
op-027,accent_2,3,#B8C2AE,cloak pale green gray
op-027,dark,4,#151D20,black inner suit
op-027,light,5,#E8EADF,hair and cloak white
op-027,neutral,6,#70766A,uniform gray green
op-027,support_7,7,#3E5648,deep uniform green
op-027,support_8,8,#A08E52,trim muted gold
op-037,theme,1,#D47052,auto_body_avatar_fixed_colorlist
op-037,accent_1,2,#3D2734,auto_body_avatar_fixed_colorlist
op-037,accent_2,3,#755C75,auto_body_avatar_fixed_colorlist
op-037,dark,4,#3D2734,auto_body_avatar_fixed_colorlist
op-037,light,5,#FAE1A6,auto_body_avatar_fixed_colorlist
op-037,neutral,6,#B5ABB9,auto_body_avatar_fixed_colorlist
op-037,support_7,7,#95454C,auto_body_avatar_fixed_colorlist
op-037,support_8,8,#F2C8BC,auto_body_avatar_fixed_colorlist
op-041,theme,1,#6B7896,auto_body_avatar_fixed_colorlist
op-041,accent_1,2,#B0B6C9,auto_body_avatar_fixed_colorlist
op-041,accent_2,3,#383948,auto_body_avatar_fixed_colorlist
op-041,dark,4,#383948,auto_body_avatar_fixed_colorlist
op-041,light,5,#F8E4DD,auto_body_avatar_fixed_colorlist
op-041,neutral,6,#8D8D98,auto_body_avatar_fixed_colorlist
op-041,support_7,7,#7D6567,auto_body_avatar_fixed_colorlist
op-041,support_8,8,#BDA9AA,auto_body_avatar_fixed_colorlist
op-042,theme,1,#274C63,abyssal blue
op-042,accent_1,2,#A73245,blood red accent
op-042,accent_2,3,#6F7F8D,steel gray blue
op-042,dark,4,#101820,deep navy black
op-042,light,5,#D8DDE0,cold white
op-042,neutral,6,#595D63,armor gray
op-042,support_7,7,#183148,dark sea blue
op-042,support_8,8,#87344A,muted crimson
op-043,theme,1,#A37977,auto_body_avatar_fixed_colorlist
op-043,accent_1,2,#A37977,auto_body_avatar_fixed_colorlist
op-043,accent_2,3,#1A1615,auto_body_avatar_fixed_colorlist
op-043,dark,4,#1A1615,auto_body_avatar_fixed_colorlist
op-043,light,5,#EEDED7,auto_body_avatar_fixed_colorlist
op-043,neutral,6,#1A1615,auto_body_avatar_fixed_colorlist
op-043,support_7,7,#491519,auto_body_avatar_fixed_colorlist
op-043,support_8,8,#514B48,auto_body_avatar_fixed_colorlist
op-045,theme,1,#B88F8A,auto_body_avatar_fixed_colorlist
op-045,accent_1,2,#542F2C,auto_body_avatar_fixed_colorlist
op-045,accent_2,3,#D6B96D,auto_body_avatar_fixed_colorlist
op-045,dark,4,#2E221B,auto_body_avatar_fixed_colorlist
op-045,light,5,#F2D4CF,auto_body_avatar_fixed_colorlist
op-045,neutral,6,#676260,auto_body_avatar_fixed_colorlist
op-045,support_7,7,#976E26,auto_body_avatar_fixed_colorlist
op-045,support_8,8,#644626,auto_body_avatar_fixed_colorlist
op-048,theme,1,#B9393C,auto_body_avatar_fixed_colorlist
op-048,accent_1,2,#E4ACA6,auto_body_avatar_fixed_colorlist
op-048,accent_2,3,#A66C66,auto_body_avatar_fixed_colorlist
op-048,dark,4,#3C2020,auto_body_avatar_fixed_colorlist
op-048,light,5,#F9E3CF,auto_body_avatar_fixed_colorlist
op-048,neutral,6,#F9E3CF,auto_body_avatar_fixed_colorlist
op-048,support_7,7,#601B1C,auto_body_avatar_fixed_colorlist
op-048,support_8,8,#E56D79,auto_body_avatar_fixed_colorlist
op-049,theme,1,#BD954D,auto_body_avatar_fixed_colorlist
op-049,accent_1,2,#452A1A,auto_body_avatar_fixed_colorlist
op-049,accent_2,3,#732311,auto_body_avatar_fixed_colorlist
op-049,dark,4,#1C1F21,auto_body_avatar_fixed_colorlist
op-049,light,5,#F5DFCD,auto_body_avatar_fixed_colorlist
op-049,neutral,6,#1C1F21,auto_body_avatar_fixed_colorlist
op-049,support_7,7,#75655F,auto_body_avatar_fixed_colorlist
op-049,support_8,8,#EACF98,auto_body_avatar_fixed_colorlist
op-052,theme,1,#C23644,auto_body_avatar_fixed_colorlist
op-052,accent_1,2,#73272F,auto_body_avatar_fixed_colorlist
op-052,accent_2,3,#171515,auto_body_avatar_fixed_colorlist
op-052,dark,4,#171515,auto_body_avatar_fixed_colorlist
op-052,light,5,#F6EADD,auto_body_avatar_fixed_colorlist
op-052,neutral,6,#171515,auto_body_avatar_fixed_colorlist
op-052,support_7,7,#877F7E,auto_body_avatar_fixed_colorlist
op-052,support_8,8,#C2B5AF,auto_body_avatar_fixed_colorlist
op-056,theme,1,#938888,auto_body_avatar_fixed_colorlist
op-056,accent_1,2,#938888,auto_body_avatar_fixed_colorlist
op-056,accent_2,3,#241A1A,auto_body_avatar_fixed_colorlist
op-056,dark,4,#241A1A,auto_body_avatar_fixed_colorlist
op-056,light,5,#F8EAE8,auto_body_avatar_fixed_colorlist
op-056,neutral,6,#827777,auto_body_avatar_fixed_colorlist
op-056,support_7,7,#554A4A,auto_body_avatar_fixed_colorlist
op-056,support_8,8,#C4B7B6,auto_body_avatar_fixed_colorlist
op-057,theme,1,#90393B,auto_body_avatar_fixed_colorlist
op-057,accent_1,2,#738291,auto_body_avatar_fixed_colorlist
op-057,accent_2,3,#472A26,auto_body_avatar_fixed_colorlist
op-057,dark,4,#15191E,auto_body_avatar_fixed_colorlist
op-057,light,5,#F4E1C9,auto_body_avatar_fixed_colorlist
op-057,neutral,6,#CCCDCD,auto_body_avatar_fixed_colorlist
op-057,support_7,7,#AC9E92,auto_body_avatar_fixed_colorlist
op-057,support_8,8,#6D645A,auto_body_avatar_fixed_colorlist
op-059,theme,1,#E3CDBC,auto_body_avatar_fixed_colorlist
op-059,accent_1,2,#732A33,auto_body_avatar_fixed_colorlist
op-059,accent_2,3,#242220,auto_body_avatar_fixed_colorlist
op-059,dark,4,#242220,auto_body_avatar_fixed_colorlist
op-059,light,5,#DCD8D0,auto_body_avatar_fixed_colorlist
op-059,neutral,6,#535355,auto_body_avatar_fixed_colorlist
op-059,support_7,7,#7E726A,auto_body_avatar_fixed_colorlist
op-059,support_8,8,#B5A399,auto_body_avatar_fixed_colorlist
op-061,theme,1,#5C2E36,auto_body_avatar_fixed_colorlist
op-061,accent_1,2,#B28C80,auto_body_avatar_fixed_colorlist
op-061,accent_2,3,#4A4759,auto_body_avatar_fixed_colorlist
op-061,dark,4,#271E21,auto_body_avatar_fixed_colorlist
op-061,light,5,#EFE1D2,auto_body_avatar_fixed_colorlist
op-061,neutral,6,#271E21,auto_body_avatar_fixed_colorlist
op-061,support_7,7,#8F3D50,auto_body_avatar_fixed_colorlist
op-061,support_8,8,#63504D,auto_body_avatar_fixed_colorlist
op-069,theme,1,#194464,auto_body_avatar_fixed_colorlist
op-069,accent_1,2,#983141,auto_body_avatar_fixed_colorlist
op-069,accent_2,3,#2E7DB0,auto_body_avatar_fixed_colorlist
op-069,dark,4,#18181B,auto_body_avatar_fixed_colorlist
op-069,light,5,#F0E5E0,auto_body_avatar_fixed_colorlist
op-069,neutral,6,#BAB6B7,auto_body_avatar_fixed_colorlist
op-069,support_7,7,#8C8F95,auto_body_avatar_fixed_colorlist
op-069,support_8,8,#3B3D41,auto_body_avatar_fixed_colorlist
op-076,theme,1,#7F574F,auto_body_avatar_fixed_colorlist
op-076,accent_1,2,#AE857B,auto_body_avatar_fixed_colorlist
op-076,accent_2,3,#171412,auto_body_avatar_fixed_colorlist
op-076,dark,4,#171412,auto_body_avatar_fixed_colorlist
op-076,light,5,#DCD9D8,auto_body_avatar_fixed_colorlist
op-076,neutral,6,#DCD9D8,auto_body_avatar_fixed_colorlist
op-076,support_7,7,#9B9492,auto_body_avatar_fixed_colorlist
op-076,support_8,8,#3E3B3A,auto_body_avatar_fixed_colorlist
op-077,theme,1,#3F3C44,auto_body_avatar_fixed_colorlist
op-077,accent_1,2,#3F3C44,auto_body_avatar_fixed_colorlist
op-077,accent_2,3,#18161C,auto_body_avatar_fixed_colorlist
op-077,dark,4,#18161C,auto_body_avatar_fixed_colorlist
op-077,light,5,#E7E5E8,auto_body_avatar_fixed_colorlist
op-077,neutral,6,#E7E5E8,auto_body_avatar_fixed_colorlist
op-077,support_7,7,#817E85,auto_body_avatar_fixed_colorlist
op-077,support_8,8,#C1BEC2,auto_body_avatar_fixed_colorlist
op-083,theme,1,#474D5F,auto_body_avatar_fixed_colorlist
op-083,accent_1,2,#BD9691,auto_body_avatar_fixed_colorlist
op-083,accent_2,3,#6C4E50,auto_body_avatar_fixed_colorlist
op-083,dark,4,#151520,auto_body_avatar_fixed_colorlist
op-083,light,5,#F4E6DB,auto_body_avatar_fixed_colorlist
op-083,neutral,6,#AFB6BE,auto_body_avatar_fixed_colorlist
op-083,support_7,7,#300E14,auto_body_avatar_fixed_colorlist
op-083,support_8,8,#7A7881,auto_body_avatar_fixed_colorlist
op-086,theme,1,#AD8A73,auto_body_avatar_fixed_colorlist
op-086,accent_1,2,#6E4C39,auto_body_avatar_fixed_colorlist
op-086,accent_2,3,#32231D,auto_body_avatar_fixed_colorlist
op-086,dark,4,#32231D,auto_body_avatar_fixed_colorlist
op-086,light,5,#FBE8D0,auto_body_avatar_fixed_colorlist
op-086,neutral,6,#514441,auto_body_avatar_fixed_colorlist
op-086,support_7,7,#D5B394,auto_body_avatar_fixed_colorlist
op-086,support_8,8,#EFD3AD,auto_body_avatar_fixed_colorlist
op-088,theme,1,#303A16,auto_body_avatar_fixed_colorlist
op-088,accent_1,2,#C1B99A,auto_body_avatar_fixed_colorlist
op-088,accent_2,3,#AD9539,auto_body_avatar_fixed_colorlist
op-088,dark,4,#202314,auto_body_avatar_fixed_colorlist
op-088,light,5,#F3DFCA,auto_body_avatar_fixed_colorlist
op-088,neutral,6,#928992,auto_body_avatar_fixed_colorlist
op-088,support_7,7,#7B8758,auto_body_avatar_fixed_colorlist
op-088,support_8,8,#7A7865,auto_body_avatar_fixed_colorlist
op-091,theme,1,#9B784A,auto_body_avatar_fixed_colorlist
op-091,accent_1,2,#553819,auto_body_avatar_fixed_colorlist
op-091,accent_2,3,#DABB8E,auto_body_avatar_fixed_colorlist
op-091,dark,4,#321C0D,auto_body_avatar_fixed_colorlist
op-091,light,5,#F7E3B5,auto_body_avatar_fixed_colorlist
op-091,neutral,6,#F4DDCB,auto_body_avatar_fixed_colorlist
op-091,support_7,7,#775B44,auto_body_avatar_fixed_colorlist
op-091,support_8,8,#AF9071,auto_body_avatar_fixed_colorlist
op-095,theme,1,#D3B296,auto_body_avatar_fixed_colorlist
op-095,accent_1,2,#542D1F,auto_body_avatar_fixed_colorlist
op-095,accent_2,3,#8A6451,auto_body_avatar_fixed_colorlist
op-095,dark,4,#291E20,auto_body_avatar_fixed_colorlist
op-095,light,5,#FDEDCC,auto_body_avatar_fixed_colorlist
op-095,neutral,6,#291E20,auto_body_avatar_fixed_colorlist
op-095,support_7,7,#5A4C49,auto_body_avatar_fixed_colorlist
op-095,support_8,8,#93837E,auto_body_avatar_fixed_colorlist
op-098,theme,1,#ECDECD,auto_body_avatar_fixed_colorlist
op-098,accent_1,2,#ECDECD,auto_body_avatar_fixed_colorlist
op-098,accent_2,3,#252422,auto_body_avatar_fixed_colorlist
op-098,dark,4,#252422,auto_body_avatar_fixed_colorlist
op-098,light,5,#E3E2DF,auto_body_avatar_fixed_colorlist
op-098,neutral,6,#E3E2DF,auto_body_avatar_fixed_colorlist
op-098,support_7,7,#7C7974,auto_body_avatar_fixed_colorlist
op-098,support_8,8,#B3AEA8,auto_body_avatar_fixed_colorlist
op-103,theme,1,#D6BAA4,auto_body_avatar_fixed_colorlist
op-103,accent_1,2,#752631,auto_body_avatar_fixed_colorlist
op-103,accent_2,3,#231B1B,auto_body_avatar_fixed_colorlist
op-103,dark,4,#231B1B,auto_body_avatar_fixed_colorlist
op-103,light,5,#F5EDEB,auto_body_avatar_fixed_colorlist
op-103,neutral,6,#F5EDEB,auto_body_avatar_fixed_colorlist
op-103,support_7,7,#756560,auto_body_avatar_fixed_colorlist
op-103,support_8,8,#A09291,auto_body_avatar_fixed_colorlist
op-105,theme,1,#832D3A,auto_body_avatar_fixed_colorlist
op-105,accent_1,2,#DD9299,auto_body_avatar_fixed_colorlist
op-105,accent_2,3,#54222B,auto_body_avatar_fixed_colorlist
op-105,dark,4,#25191A,auto_body_avatar_fixed_colorlist
op-105,light,5,#E5D0CC,auto_body_avatar_fixed_colorlist
op-105,neutral,6,#25191A,auto_body_avatar_fixed_colorlist
op-105,support_7,7,#776262,auto_body_avatar_fixed_colorlist
op-105,support_8,8,#A99290,auto_body_avatar_fixed_colorlist
op-107,theme,1,#43407F,auto_body_avatar_fixed_colorlist
op-107,accent_1,2,#853F2A,auto_body_avatar_fixed_colorlist
op-107,accent_2,3,#C99A8F,auto_body_avatar_fixed_colorlist
op-107,dark,4,#211D34,auto_body_avatar_fixed_colorlist
op-107,light,5,#F7E6DB,auto_body_avatar_fixed_colorlist
op-107,neutral,6,#F7E6DB,auto_body_avatar_fixed_colorlist
op-107,support_7,7,#675764,auto_body_avatar_fixed_colorlist
op-107,support_8,8,#ADA5BE,auto_body_avatar_fixed_colorlist
op-108,theme,1,#DAC5B9,auto_body_avatar_fixed_colorlist
op-108,accent_1,2,#452E29,auto_body_avatar_fixed_colorlist
op-108,accent_2,3,#64383C,auto_body_avatar_fixed_colorlist
op-108,dark,4,#1C1414,auto_body_avatar_fixed_colorlist
op-108,light,5,#DAC5B9,auto_body_avatar_fixed_colorlist
op-108,neutral,6,#373335,auto_body_avatar_fixed_colorlist
op-108,support_7,7,#995458,auto_body_avatar_fixed_colorlist
op-108,support_8,8,#645752,auto_body_avatar_fixed_colorlist
op-109,theme,1,#E2C55D,auto_body_avatar_fixed_colorlist
op-109,accent_1,2,#605037,auto_body_avatar_fixed_colorlist
op-109,accent_2,3,#988237,auto_body_avatar_fixed_colorlist
op-109,dark,4,#251F20,auto_body_avatar_fixed_colorlist
op-109,light,5,#EDE1DC,auto_body_avatar_fixed_colorlist
op-109,neutral,6,#251F20,auto_body_avatar_fixed_colorlist
op-109,support_7,7,#A89D97,auto_body_avatar_fixed_colorlist
op-109,support_8,8,#EDDDA9,auto_body_avatar_fixed_colorlist
op-111,theme,1,#817459,auto_body_avatar_fixed_colorlist
op-111,accent_1,2,#817459,auto_body_avatar_fixed_colorlist
op-111,accent_2,3,#15110C,auto_body_avatar_fixed_colorlist
op-111,dark,4,#15110C,auto_body_avatar_fixed_colorlist
op-111,light,5,#F1E3D9,auto_body_avatar_fixed_colorlist
op-111,neutral,6,#15110C,auto_body_avatar_fixed_colorlist
op-111,support_7,7,#4E473F,auto_body_avatar_fixed_colorlist
op-111,support_8,8,#AB9E92,auto_body_avatar_fixed_colorlist
op-113,theme,1,#A47A7C,auto_body_avatar_fixed_colorlist
op-113,accent_1,2,#A47A7C,auto_body_avatar_fixed_colorlist
op-113,accent_2,3,#1D1B1A,auto_body_avatar_fixed_colorlist
op-113,dark,4,#1D1B1A,auto_body_avatar_fixed_colorlist
op-113,light,5,#F7F2EB,auto_body_avatar_fixed_colorlist
op-113,neutral,6,#1D1B1A,auto_body_avatar_fixed_colorlist
op-113,support_7,7,#53585C,auto_body_avatar_fixed_colorlist
op-113,support_8,8,#B4AFA9,auto_body_avatar_fixed_colorlist
op-115,theme,1,#927042,auto_body_avatar_fixed_colorlist
op-115,accent_1,2,#E7CE95,auto_body_avatar_fixed_colorlist
op-115,accent_2,3,#DAB89D,auto_body_avatar_fixed_colorlist
op-115,dark,4,#1F160E,auto_body_avatar_fixed_colorlist
op-115,light,5,#F6E8C8,auto_body_avatar_fixed_colorlist
op-115,neutral,6,#1F160E,auto_body_avatar_fixed_colorlist
op-115,support_7,7,#5C401B,auto_body_avatar_fixed_colorlist
op-115,support_8,8,#BD9B60,auto_body_avatar_fixed_colorlist
op-117,theme,1,#363146,auto_body_avatar_fixed_colorlist
op-117,accent_1,2,#BEA295,auto_body_avatar_fixed_colorlist
op-117,accent_2,3,#B2B3D0,auto_body_avatar_fixed_colorlist
op-117,dark,4,#22181E,auto_body_avatar_fixed_colorlist
op-117,light,5,#FAE9D4,auto_body_avatar_fixed_colorlist
op-117,neutral,6,#22181E,auto_body_avatar_fixed_colorlist
op-117,support_7,7,#876258,auto_body_avatar_fixed_colorlist
op-117,support_8,8,#646BA7,auto_body_avatar_fixed_colorlist
op-118,theme,1,#44312B,auto_body_avatar_fixed_colorlist
op-118,accent_1,2,#B60E0B,auto_body_avatar_fixed_colorlist
op-118,accent_2,3,#CAADA7,auto_body_avatar_fixed_colorlist
op-118,dark,4,#2B1914,auto_body_avatar_fixed_colorlist
op-118,light,5,#F5E6DB,auto_body_avatar_fixed_colorlist
op-118,neutral,6,#827676,auto_body_avatar_fixed_colorlist
op-118,support_7,7,#BA827E,auto_body_avatar_fixed_colorlist
op-118,support_8,8,#883030,auto_body_avatar_fixed_colorlist
op-123,theme,1,#502022,auto_body_avatar_fixed_colorlist
op-123,accent_1,2,#A2242D,auto_body_avatar_fixed_colorlist
op-123,accent_2,3,#A36766,auto_body_avatar_fixed_colorlist
op-123,dark,4,#221E1E,auto_body_avatar_fixed_colorlist
op-123,light,5,#EFE6E2,auto_body_avatar_fixed_colorlist
op-123,neutral,6,#221E1E,auto_body_avatar_fixed_colorlist
op-123,support_7,7,#6F6867,auto_body_avatar_fixed_colorlist
op-123,support_8,8,#721A1D,auto_body_avatar_fixed_colorlist
op-124,theme,1,#2A2C50,auto_body_avatar_fixed_colorlist
op-124,accent_1,2,#D1A995,auto_body_avatar_fixed_colorlist
op-124,accent_2,3,#95C1C4,auto_body_avatar_fixed_colorlist
op-124,dark,4,#191D24,auto_body_avatar_fixed_colorlist
op-124,light,5,#F3EBDC,auto_body_avatar_fixed_colorlist
op-124,neutral,6,#191D24,auto_body_avatar_fixed_colorlist
op-124,support_7,7,#88685D,auto_body_avatar_fixed_colorlist
op-124,support_8,8,#492A23,auto_body_avatar_fixed_colorlist
op-132,theme,1,#94292A,auto_body_avatar_fixed_colorlist
op-132,accent_1,2,#799796,auto_body_avatar_fixed_colorlist
op-132,accent_2,3,#C89E99,auto_body_avatar_fixed_colorlist
op-132,dark,4,#342221,auto_body_avatar_fixed_colorlist
op-132,light,5,#EDE0D9,auto_body_avatar_fixed_colorlist
op-132,neutral,6,#EDE0D9,auto_body_avatar_fixed_colorlist
op-132,support_7,7,#6A5D5A,auto_body_avatar_fixed_colorlist
op-132,support_8,8,#DB706B,auto_body_avatar_fixed_colorlist
op-143,theme,1,#BAA4B8,auto_body_avatar_fixed_colorlist
op-143,accent_1,2,#604B5B,auto_body_avatar_fixed_colorlist
op-143,accent_2,3,#80697C,auto_body_avatar_fixed_colorlist
op-143,dark,4,#2A1F21,auto_body_avatar_fixed_colorlist
op-143,light,5,#F3D9D4,auto_body_avatar_fixed_colorlist
op-143,neutral,6,#493D3D,auto_body_avatar_fixed_colorlist
op-143,support_7,7,#776866,auto_body_avatar_fixed_colorlist
op-143,support_8,8,#C09D9D,auto_body_avatar_fixed_colorlist
op-144,theme,1,#992527,auto_body_avatar_fixed_colorlist
op-144,accent_1,2,#492E29,auto_body_avatar_fixed_colorlist
op-144,accent_2,3,#5F1E20,auto_body_avatar_fixed_colorlist
op-144,dark,4,#1C222B,auto_body_avatar_fixed_colorlist
op-144,light,5,#F4ECDC,auto_body_avatar_fixed_colorlist
op-144,neutral,6,#999C97,auto_body_avatar_fixed_colorlist
op-144,support_7,7,#806F67,auto_body_avatar_fixed_colorlist
op-144,support_8,8,#BCB9B0,auto_body_avatar_fixed_colorlist
op-154,theme,1,#492B27,auto_body_avatar_fixed_colorlist
op-154,accent_1,2,#946F69,auto_body_avatar_fixed_colorlist
op-154,accent_2,3,#191619,auto_body_avatar_fixed_colorlist
op-154,dark,4,#191619,auto_body_avatar_fixed_colorlist
op-154,light,5,#F0EBEB,auto_body_avatar_fixed_colorlist
op-154,neutral,6,#F0EBEB,auto_body_avatar_fixed_colorlist
op-154,support_7,7,#968E91,auto_body_avatar_fixed_colorlist
op-154,support_8,8,#4E4C51,auto_body_avatar_fixed_colorlist
op-160,theme,1,#D09D81,auto_body_avatar_fixed_colorlist
op-160,accent_1,2,#571D18,auto_body_avatar_fixed_colorlist
op-160,accent_2,3,#764E3F,auto_body_avatar_fixed_colorlist
op-160,dark,4,#571D18,auto_body_avatar_fixed_colorlist
op-160,light,5,#F9E4E1,auto_body_avatar_fixed_colorlist
op-160,neutral,6,#786C69,auto_body_avatar_fixed_colorlist
op-160,support_7,7,#402E2C,auto_body_avatar_fixed_colorlist
op-160,support_8,8,#BFA69E,auto_body_avatar_fixed_colorlist
op-163,theme,1,#B63D3F,wine red
op-163,accent_1,2,#8D9AA6,cold gray blue
op-163,accent_2,3,#D4C1B7,pale skin beige
op-163,dark,4,#17191D,black coat
op-163,light,5,#E2DDE0,pale gray
op-163,neutral,6,#595D66,smoke gray
op-163,support_7,7,#6D242C,dark red
op-163,support_8,8,#A78982,warm gray
op-164,theme,1,#632B3C,auto_body_avatar_fixed_colorlist
op-164,accent_1,2,#B3999D,auto_body_avatar_fixed_colorlist
op-164,accent_2,3,#917176,auto_body_avatar_fixed_colorlist
op-164,dark,4,#221D24,auto_body_avatar_fixed_colorlist
op-164,light,5,#F9E4DC,auto_body_avatar_fixed_colorlist
op-164,neutral,6,#221D24,auto_body_avatar_fixed_colorlist
op-164,support_7,7,#4E4449,auto_body_avatar_fixed_colorlist
op-164,support_8,8,#734955,auto_body_avatar_fixed_colorlist
op-165,theme,1,#85485C,auto_body_avatar_fixed_colorlist
op-165,accent_1,2,#C5A3B6,auto_body_avatar_fixed_colorlist
op-165,accent_2,3,#897A69,auto_body_avatar_fixed_colorlist
op-165,dark,4,#28211F,auto_body_avatar_fixed_colorlist
op-165,light,5,#F6E7EA,auto_body_avatar_fixed_colorlist
op-165,neutral,6,#28211F,auto_body_avatar_fixed_colorlist
op-165,support_7,7,#5F4A4D,auto_body_avatar_fixed_colorlist
op-165,support_8,8,#C8B7AC,auto_body_avatar_fixed_colorlist
op-166,theme,1,#973C38,auto_body_avatar_fixed_colorlist
op-166,accent_1,2,#D0AFA9,auto_body_avatar_fixed_colorlist
op-166,accent_2,3,#E7A598,auto_body_avatar_fixed_colorlist
op-166,dark,4,#392421,auto_body_avatar_fixed_colorlist
op-166,light,5,#F9D9CA,auto_body_avatar_fixed_colorlist
op-166,neutral,6,#392421,auto_body_avatar_fixed_colorlist
op-166,support_7,7,#AA817D,auto_body_avatar_fixed_colorlist
op-166,support_8,8,#C26C63,auto_body_avatar_fixed_colorlist
op-168,theme,1,#E99FA4,auto_body_avatar_fixed_colorlist
op-168,accent_1,2,#6272A9,auto_body_avatar_fixed_colorlist
op-168,accent_2,3,#9F7880,auto_body_avatar_fixed_colorlist
op-168,dark,4,#1C1819,auto_body_avatar_fixed_colorlist
op-168,light,5,#F8E4E0,auto_body_avatar_fixed_colorlist
op-168,neutral,6,#1C1819,auto_body_avatar_fixed_colorlist
op-168,support_7,7,#7F6F78,auto_body_avatar_fixed_colorlist
op-168,support_8,8,#B9A2A5,auto_body_avatar_fixed_colorlist
op-170,theme,1,#888069,auto_body_avatar_fixed_colorlist
op-170,accent_1,2,#D0BF8E,auto_body_avatar_fixed_colorlist
op-170,accent_2,3,#936059,auto_body_avatar_fixed_colorlist
op-170,dark,4,#322E2D,auto_body_avatar_fixed_colorlist
op-170,light,5,#F7EEE0,auto_body_avatar_fixed_colorlist
op-170,neutral,6,#322E2D,auto_body_avatar_fixed_colorlist
op-170,support_7,7,#ABA59B,auto_body_avatar_fixed_colorlist
op-170,support_8,8,#565048,auto_body_avatar_fixed_colorlist
op-171,theme,1,#566C8C,auto_body_avatar_fixed_colorlist
op-171,accent_1,2,#6DBFDC,auto_body_avatar_fixed_colorlist
op-171,accent_2,3,#233356,auto_body_avatar_fixed_colorlist
op-171,dark,4,#151A21,auto_body_avatar_fixed_colorlist
op-171,light,5,#F7ECDD,auto_body_avatar_fixed_colorlist
op-171,neutral,6,#BCC1C3,auto_body_avatar_fixed_colorlist
op-171,support_7,7,#939AA1,auto_body_avatar_fixed_colorlist
op-171,support_8,8,#3C4652,auto_body_avatar_fixed_colorlist
op-178,theme,1,#E9C5C4,auto_body_avatar_fixed_colorlist
op-178,accent_1,2,#8A161F,auto_body_avatar_fixed_colorlist
op-178,accent_2,3,#734E4F,auto_body_avatar_fixed_colorlist
op-178,dark,4,#2E1412,auto_body_avatar_fixed_colorlist
op-178,light,5,#FBEFED,auto_body_avatar_fixed_colorlist
op-178,neutral,6,#FBEFED,auto_body_avatar_fixed_colorlist
op-178,support_7,7,#A2797A,auto_body_avatar_fixed_colorlist
op-178,support_8,8,#C29999,auto_body_avatar_fixed_colorlist
op-179,theme,1,#EFEDEB,auto_body_avatar_fixed_colorlist
op-179,accent_1,2,#EFEDEB,auto_body_avatar_fixed_colorlist
op-179,accent_2,3,#111818,auto_body_avatar_fixed_colorlist
op-179,dark,4,#111818,auto_body_avatar_fixed_colorlist
op-179,light,5,#EFEDEB,auto_body_avatar_fixed_colorlist
op-179,neutral,6,#7E7C7D,auto_body_avatar_fixed_colorlist
op-179,support_7,7,#47494B,auto_body_avatar_fixed_colorlist
op-179,support_8,8,#B6B3B2,auto_body_avatar_fixed_colorlist
op-182,theme,1,#9F2D40,auto_body_avatar_fixed_colorlist
op-182,accent_1,2,#C5A0A5,auto_body_avatar_fixed_colorlist
op-182,accent_2,3,#7C4F5A,auto_body_avatar_fixed_colorlist
op-182,dark,4,#45181F,auto_body_avatar_fixed_colorlist
op-182,light,5,#EDDFDE,auto_body_avatar_fixed_colorlist
op-182,neutral,6,#737679,auto_body_avatar_fixed_colorlist
op-182,support_7,7,#2F2D3B,auto_body_avatar_fixed_colorlist
op-182,support_8,8,#B4466D,auto_body_avatar_fixed_colorlist
op-183,theme,1,#636B7E,auto_body_avatar_fixed_colorlist
op-183,accent_1,2,#B45350,auto_body_avatar_fixed_colorlist
op-183,accent_2,3,#4E1F26,auto_body_avatar_fixed_colorlist
op-183,dark,4,#1D161B,auto_body_avatar_fixed_colorlist
op-183,light,5,#F0EEEF,auto_body_avatar_fixed_colorlist
op-183,neutral,6,#F0EEEF,auto_body_avatar_fixed_colorlist
op-183,support_7,7,#AFAFB4,auto_body_avatar_fixed_colorlist
op-183,support_8,8,#434047,auto_body_avatar_fixed_colorlist
op-187,theme,1,#B59469,auto_body_avatar_fixed_colorlist
op-187,accent_1,2,#504130,auto_body_avatar_fixed_colorlist
op-187,accent_2,3,#E0CDBF,auto_body_avatar_fixed_colorlist
op-187,dark,4,#2F2319,auto_body_avatar_fixed_colorlist
op-187,light,5,#F7EDE8,auto_body_avatar_fixed_colorlist
op-187,neutral,6,#F7EDE8,auto_body_avatar_fixed_colorlist
op-187,support_7,7,#776B5D,auto_body_avatar_fixed_colorlist
op-187,support_8,8,#C2AD9D,auto_body_avatar_fixed_colorlist
op-191,theme,1,#886B5E,auto_body_avatar_fixed_colorlist
op-191,accent_1,2,#8F422B,auto_body_avatar_fixed_colorlist
op-191,accent_2,3,#D49E85,auto_body_avatar_fixed_colorlist
op-191,dark,4,#201C19,auto_body_avatar_fixed_colorlist
op-191,light,5,#F9E3CD,auto_body_avatar_fixed_colorlist
op-191,neutral,6,#E9E3E0,auto_body_avatar_fixed_colorlist
op-191,support_7,7,#4F453F,auto_body_avatar_fixed_colorlist
op-191,support_8,8,#9A8F8A,auto_body_avatar_fixed_colorlist
op-192,theme,1,#DBAA9A,auto_body_avatar_fixed_colorlist
op-192,accent_1,2,#3F3660,auto_body_avatar_fixed_colorlist
op-192,accent_2,3,#C14F3E,auto_body_avatar_fixed_colorlist
op-192,dark,4,#413A38,auto_body_avatar_fixed_colorlist
op-192,light,5,#F9EBDE,auto_body_avatar_fixed_colorlist
op-192,neutral,6,#413A38,auto_body_avatar_fixed_colorlist
op-192,support_7,7,#93554E,auto_body_avatar_fixed_colorlist
op-192,support_8,8,#867B78,auto_body_avatar_fixed_colorlist
op-196,theme,1,#F2E8E3,auto_body_avatar_fixed_colorlist
op-196,accent_1,2,#F2E8E3,auto_body_avatar_fixed_colorlist
op-196,accent_2,3,#191513,auto_body_avatar_fixed_colorlist
op-196,dark,4,#191513,auto_body_avatar_fixed_colorlist
op-196,light,5,#F2E8E3,auto_body_avatar_fixed_colorlist
op-196,neutral,6,#191513,auto_body_avatar_fixed_colorlist
op-196,support_7,7,#837976,auto_body_avatar_fixed_colorlist
op-196,support_8,8,#ACB3BE,auto_body_avatar_fixed_colorlist
op-197,theme,1,#599E90,auto_body_avatar_fixed_colorlist
op-197,accent_1,2,#2C5954,auto_body_avatar_fixed_colorlist
op-197,accent_2,3,#50727E,auto_body_avatar_fixed_colorlist
op-197,dark,4,#203336,auto_body_avatar_fixed_colorlist
op-197,light,5,#F4ECE5,auto_body_avatar_fixed_colorlist
op-197,neutral,6,#B3B3B2,auto_body_avatar_fixed_colorlist
op-197,support_7,7,#7D7D71,auto_body_avatar_fixed_colorlist
op-197,support_8,8,#47B99F,auto_body_avatar_fixed_colorlist
op-198,theme,1,#5CB19C,auto_body_avatar_fixed_colorlist
op-198,accent_1,2,#2B534D,auto_body_avatar_fixed_colorlist
op-198,accent_2,3,#437368,auto_body_avatar_fixed_colorlist
op-198,dark,4,#101716,auto_body_avatar_fixed_colorlist
op-198,light,5,#F5EBE4,auto_body_avatar_fixed_colorlist
op-198,neutral,6,#838783,auto_body_avatar_fixed_colorlist
op-198,support_7,7,#5E5450,auto_body_avatar_fixed_colorlist
op-198,support_8,8,#C2B0A7,auto_body_avatar_fixed_colorlist
op-202,theme,1,#8E8347,auto_body_avatar_fixed_colorlist
op-202,accent_1,2,#EA7F4B,auto_body_avatar_fixed_colorlist
op-202,accent_2,3,#211D1B,auto_body_avatar_fixed_colorlist
op-202,dark,4,#211D1B,auto_body_avatar_fixed_colorlist
op-202,light,5,#F5E8DD,auto_body_avatar_fixed_colorlist
op-202,neutral,6,#211D1B,auto_body_avatar_fixed_colorlist
op-202,support_7,7,#EBD67A,auto_body_avatar_fixed_colorlist
op-202,support_8,8,#63584B,auto_body_avatar_fixed_colorlist
op-205,theme,1,#E47F4C,auto_body_avatar_fixed_colorlist
op-205,accent_1,2,#793F21,auto_body_avatar_fixed_colorlist
op-205,accent_2,3,#191717,auto_body_avatar_fixed_colorlist
op-205,dark,4,#191717,auto_body_avatar_fixed_colorlist
op-205,light,5,#EBE4E4,auto_body_avatar_fixed_colorlist
op-205,neutral,6,#686767,auto_body_avatar_fixed_colorlist
op-205,support_7,7,#B1ABAB,auto_body_avatar_fixed_colorlist
op-205,support_8,8,#474646,auto_body_avatar_fixed_colorlist
op-207,theme,1,#5E5A6B,auto_body_avatar_fixed_colorlist
op-207,accent_1,2,#ABAC6B,auto_body_avatar_fixed_colorlist
op-207,accent_2,3,#1F191D,auto_body_avatar_fixed_colorlist
op-207,dark,4,#1F191D,auto_body_avatar_fixed_colorlist
op-207,light,5,#F5E9E7,auto_body_avatar_fixed_colorlist
op-207,neutral,6,#555051,auto_body_avatar_fixed_colorlist
op-207,support_7,7,#C2B2B4,auto_body_avatar_fixed_colorlist
op-207,support_8,8,#867D79,auto_body_avatar_fixed_colorlist
op-213,theme,1,#D1AE93,auto_body_avatar_fixed_colorlist
op-213,accent_1,2,#764C36,auto_body_avatar_fixed_colorlist
op-213,accent_2,3,#9F725A,auto_body_avatar_fixed_colorlist
op-213,dark,4,#382419,auto_body_avatar_fixed_colorlist
op-213,light,5,#F8E9D5,auto_body_avatar_fixed_colorlist
op-213,neutral,6,#96847E,auto_body_avatar_fixed_colorlist
op-213,support_7,7,#64534B,auto_body_avatar_fixed_colorlist
op-213,support_8,8,#C6B3A9,auto_body_avatar_fixed_colorlist
op-223,theme,1,#C69A3A,wheat gold
op-223,accent_1,2,#6D6E9B,soft violet blue
op-223,accent_2,3,#88A06A,grain green
op-223,dark,4,#241F22,dark robe
op-223,light,5,#EFE5D3,warm paper
op-223,neutral,6,#7C735F,straw gray
op-223,support_7,7,#7E5D27,deep ochre
op-223,support_8,8,#D8B862,light gold
op-226,theme,1,#364023,auto_body_avatar_fixed_colorlist
op-226,accent_1,2,#AEC552,auto_body_avatar_fixed_colorlist
op-226,accent_2,3,#D7BEA1,auto_body_avatar_fixed_colorlist
op-226,dark,4,#1A1813,auto_body_avatar_fixed_colorlist
op-226,light,5,#F0EDE0,auto_body_avatar_fixed_colorlist
op-226,neutral,6,#1A1813,auto_body_avatar_fixed_colorlist
op-226,support_7,7,#989288,auto_body_avatar_fixed_colorlist
op-226,support_8,8,#3B8366,auto_body_avatar_fixed_colorlist
op-229,theme,1,#5E8F7A,medical green
op-229,accent_1,2,#B7C5A1,muted lime
op-229,accent_2,3,#2E463F,dark green
op-229,dark,4,#121817,black uniform
op-229,light,5,#E7E8DD,white coat
op-229,neutral,6,#747B70,gray green
op-229,support_7,7,#91A66C,olive green
op-229,support_8,8,#3F6253,teal shadow
op-235,theme,1,#D2A794,auto_body_avatar_fixed_colorlist
op-235,accent_1,2,#D2A794,auto_body_avatar_fixed_colorlist
op-235,accent_2,3,#211717,auto_body_avatar_fixed_colorlist
op-235,dark,4,#211717,auto_body_avatar_fixed_colorlist
op-235,light,5,#F9F2DF,auto_body_avatar_fixed_colorlist
op-235,neutral,6,#AB9D9C,auto_body_avatar_fixed_colorlist
op-235,support_7,7,#6B5E5A,auto_body_avatar_fixed_colorlist
op-235,support_8,8,#D1C5BB,auto_body_avatar_fixed_colorlist
op-242,theme,1,#404A5C,auto_body_avatar_fixed_colorlist
op-242,accent_1,2,#7DADCB,auto_body_avatar_fixed_colorlist
op-242,accent_2,3,#5772AB,auto_body_avatar_fixed_colorlist
op-242,dark,4,#181E2B,auto_body_avatar_fixed_colorlist
op-242,light,5,#EEE6E1,auto_body_avatar_fixed_colorlist
op-242,neutral,6,#615F5F,auto_body_avatar_fixed_colorlist
op-242,support_7,7,#9B9392,auto_body_avatar_fixed_colorlist
op-242,support_8,8,#5E7089,auto_body_avatar_fixed_colorlist
op-245,theme,1,#CCB99D,auto_body_avatar_fixed_colorlist
op-245,accent_1,2,#473929,auto_body_avatar_fixed_colorlist
op-245,accent_2,3,#685847,auto_body_avatar_fixed_colorlist
op-245,dark,4,#1E150D,auto_body_avatar_fixed_colorlist
op-245,light,5,#FAEDD0,auto_body_avatar_fixed_colorlist
op-245,neutral,6,#1E150D,auto_body_avatar_fixed_colorlist
op-245,support_7,7,#F3EBDB,auto_body_avatar_fixed_colorlist
op-245,support_8,8,#997D60,auto_body_avatar_fixed_colorlist
op-249,theme,1,#B9968A,auto_body_avatar_fixed_colorlist
op-249,accent_1,2,#D1565F,auto_body_avatar_fixed_colorlist
op-249,accent_2,3,#5C413B,auto_body_avatar_fixed_colorlist
op-249,dark,4,#301C1A,auto_body_avatar_fixed_colorlist
op-249,light,5,#FBE6D8,auto_body_avatar_fixed_colorlist
op-249,neutral,6,#FBE6D8,auto_body_avatar_fixed_colorlist
op-249,support_7,7,#87798F,auto_body_avatar_fixed_colorlist
op-249,support_8,8,#805D56,auto_body_avatar_fixed_colorlist
op-250,theme,1,#BC8B98,auto_body_avatar_fixed_colorlist
op-250,accent_1,2,#4F7DA4,auto_body_avatar_fixed_colorlist
op-250,accent_2,3,#67566E,auto_body_avatar_fixed_colorlist
op-250,dark,4,#312B2E,auto_body_avatar_fixed_colorlist
op-250,light,5,#D8C8CD,auto_body_avatar_fixed_colorlist
op-250,neutral,6,#312B2E,auto_body_avatar_fixed_colorlist
op-250,support_7,7,#D4A584,auto_body_avatar_fixed_colorlist
op-250,support_8,8,#957462,auto_body_avatar_fixed_colorlist
op-260,theme,1,#9C7268,auto_body_avatar_fixed_colorlist
op-260,accent_1,2,#9C7268,auto_body_avatar_fixed_colorlist
op-260,accent_2,3,#1A1713,auto_body_avatar_fixed_colorlist
op-260,dark,4,#1A1713,auto_body_avatar_fixed_colorlist
op-260,light,5,#F9ECDE,auto_body_avatar_fixed_colorlist
op-260,neutral,6,#2D2B29,auto_body_avatar_fixed_colorlist
op-260,support_7,7,#B6ACA4,auto_body_avatar_fixed_colorlist
op-260,support_8,8,#5C5854,auto_body_avatar_fixed_colorlist
op-267,theme,1,#4EA9C3,celestial cyan
op-267,accent_1,2,#D8A15A,warm gold
op-267,accent_2,3,#7E3A58,wine violet
op-267,dark,4,#192035,night blue
op-267,light,5,#EAE6DB,porcelain white
op-267,neutral,6,#6A7180,blue gray
op-267,support_7,7,#275F93,deep blue
op-267,support_8,8,#9DC9D2,pale cyan
op-274,theme,1,#4D4853,cold mauve black
op-274,accent_1,2,#CDBDB8,pale rose gray
op-274,accent_2,3,#8B8288,soft hair shadow
op-274,dark,4,#111217,black dress
op-274,light,5,#EFE8E6,white pink haze
op-274,neutral,6,#6E686D,ash gray
op-274,support_7,7,#2B2C33,deep hair black
op-274,support_8,8,#A89494,warm smoke rose
op-276,theme,1,#C29780,auto_body_avatar_fixed_colorlist
op-276,accent_1,2,#8D6958,auto_body_avatar_fixed_colorlist
op-276,accent_2,3,#1B1815,auto_body_avatar_fixed_colorlist
op-276,dark,4,#1B1815,auto_body_avatar_fixed_colorlist
op-276,light,5,#F6E3D1,auto_body_avatar_fixed_colorlist
op-276,neutral,6,#1B1815,auto_body_avatar_fixed_colorlist
op-276,support_7,7,#635E56,auto_body_avatar_fixed_colorlist
op-276,support_8,8,#9E9790,auto_body_avatar_fixed_colorlist
op-277,theme,1,#B38C7E,auto_body_avatar_fixed_colorlist
op-277,accent_1,2,#961F19,auto_body_avatar_fixed_colorlist
op-277,accent_2,3,#691C18,auto_body_avatar_fixed_colorlist
op-277,dark,4,#3A1D15,auto_body_avatar_fixed_colorlist
op-277,light,5,#F7D4C7,auto_body_avatar_fixed_colorlist
op-277,neutral,6,#F7D4C7,auto_body_avatar_fixed_colorlist
op-277,support_7,7,#79564B,auto_body_avatar_fixed_colorlist
op-277,support_8,8,#B5655F,auto_body_avatar_fixed_colorlist
op-288,theme,1,#5FAFC8,sea voice blue
op-288,accent_1,2,#B94752,coral red accent
op-288,accent_2,3,#7E8FB5,abyss violet blue
op-288,dark,4,#171A2A,deep ocean navy
op-288,light,5,#DDE7EE,ice white
op-288,neutral,6,#5C6477,storm gray
op-288,support_7,7,#2C3658,deep blue violet
op-288,support_8,8,#A8C9D5,pale sea blue
op-291,theme,1,#3A5F68,auto_body_avatar_fixed_colorlist
op-291,accent_1,2,#3A5F68,auto_body_avatar_fixed_colorlist
op-291,accent_2,3,#271F1C,auto_body_avatar_fixed_colorlist
op-291,dark,4,#271F1C,auto_body_avatar_fixed_colorlist
op-291,light,5,#F6E8D8,auto_body_avatar_fixed_colorlist
op-291,neutral,6,#271F1C,auto_body_avatar_fixed_colorlist
op-291,support_7,7,#8F8479,auto_body_avatar_fixed_colorlist
op-291,support_8,8,#615248,auto_body_avatar_fixed_colorlist
op-293,theme,1,#38485D,auto_body_avatar_fixed_colorlist
op-293,accent_1,2,#B09C6F,auto_body_avatar_fixed_colorlist
op-293,accent_2,3,#8E9BB2,auto_body_avatar_fixed_colorlist
op-293,dark,4,#1E232A,auto_body_avatar_fixed_colorlist
op-293,light,5,#F1E5E6,auto_body_avatar_fixed_colorlist
op-293,neutral,6,#504C48,auto_body_avatar_fixed_colorlist
op-293,support_7,7,#5374A9,auto_body_avatar_fixed_colorlist
op-293,support_8,8,#938987,auto_body_avatar_fixed_colorlist
op-294,theme,1,#4D2519,auto_body_avatar_fixed_colorlist
op-294,accent_1,2,#AD8172,auto_body_avatar_fixed_colorlist
op-294,accent_2,3,#8F2C22,auto_body_avatar_fixed_colorlist
op-294,dark,4,#1D1510,auto_body_avatar_fixed_colorlist
op-294,light,5,#F1DDCF,auto_body_avatar_fixed_colorlist
op-294,neutral,6,#1D1510,auto_body_avatar_fixed_colorlist
op-294,support_7,7,#6F645A,auto_body_avatar_fixed_colorlist
op-294,support_8,8,#845447,auto_body_avatar_fixed_colorlist
op-295,theme,1,#6A2D38,auto_body_avatar_fixed_colorlist
op-295,accent_1,2,#6A2D38,auto_body_avatar_fixed_colorlist
op-295,accent_2,3,#17171A,auto_body_avatar_fixed_colorlist
op-295,dark,4,#17171A,auto_body_avatar_fixed_colorlist
op-295,light,5,#CAC6C2,auto_body_avatar_fixed_colorlist
op-295,neutral,6,#403F3E,auto_body_avatar_fixed_colorlist
op-295,support_7,7,#6F6D6A,auto_body_avatar_fixed_colorlist
op-295,support_8,8,#A3938A,auto_body_avatar_fixed_colorlist
op-296,theme,1,#6D5851,auto_body_avatar_fixed_colorlist
op-296,accent_1,2,#A13325,auto_body_avatar_fixed_colorlist
op-296,accent_2,3,#D1BBAD,auto_body_avatar_fixed_colorlist
op-296,dark,4,#291915,auto_body_avatar_fixed_colorlist
op-296,light,5,#F2E1D7,auto_body_avatar_fixed_colorlist
op-296,neutral,6,#9B9DA6,auto_body_avatar_fixed_colorlist
op-296,support_7,7,#531D1A,auto_body_avatar_fixed_colorlist
op-296,support_8,8,#B29889,auto_body_avatar_fixed_colorlist
op-303,theme,1,#C2433D,auto_body_avatar_fixed_colorlist
op-303,accent_1,2,#E8C4BA,auto_body_avatar_fixed_colorlist
op-303,accent_2,3,#C29890,auto_body_avatar_fixed_colorlist
op-303,dark,4,#5D211F,auto_body_avatar_fixed_colorlist
op-303,light,5,#F8E2D9,auto_body_avatar_fixed_colorlist
op-303,neutral,6,#7A7F8C,auto_body_avatar_fixed_colorlist
op-303,support_7,7,#E9A293,auto_body_avatar_fixed_colorlist
op-303,support_8,8,#A15D58,auto_body_avatar_fixed_colorlist
op-304,theme,1,#453829,auto_body_avatar_fixed_colorlist
op-304,accent_1,2,#6F4568,auto_body_avatar_fixed_colorlist
op-304,accent_2,3,#1E1815,auto_body_avatar_fixed_colorlist
op-304,dark,4,#1E1815,auto_body_avatar_fixed_colorlist
op-304,light,5,#ECE3DB,auto_body_avatar_fixed_colorlist
op-304,neutral,6,#363031,auto_body_avatar_fixed_colorlist
op-304,support_7,7,#9E918A,auto_body_avatar_fixed_colorlist
op-304,support_8,8,#6B5F59,auto_body_avatar_fixed_colorlist
op-305,theme,1,#E1CFAB,auto_body_avatar_fixed_colorlist
op-305,accent_1,2,#94C4D1,auto_body_avatar_fixed_colorlist
op-305,accent_2,3,#877855,auto_body_avatar_fixed_colorlist
op-305,dark,4,#232226,auto_body_avatar_fixed_colorlist
op-305,light,5,#F4E8E5,auto_body_avatar_fixed_colorlist
op-305,neutral,6,#232226,auto_body_avatar_fixed_colorlist
op-305,support_7,7,#60595D,auto_body_avatar_fixed_colorlist
op-305,support_8,8,#968D8D,auto_body_avatar_fixed_colorlist
op-307,theme,1,#AB878B,auto_body_avatar_fixed_colorlist
op-307,accent_1,2,#AB878B,auto_body_avatar_fixed_colorlist
op-307,accent_2,3,#251B20,auto_body_avatar_fixed_colorlist
op-307,dark,4,#251B20,auto_body_avatar_fixed_colorlist
op-307,light,5,#F8EBE7,auto_body_avatar_fixed_colorlist
op-307,neutral,6,#F8EBE7,auto_body_avatar_fixed_colorlist
op-307,support_7,7,#685558,auto_body_avatar_fixed_colorlist
op-307,support_8,8,#D3BFBC,auto_body_avatar_fixed_colorlist
op-308,theme,1,#584C3C,auto_body_avatar_fixed_colorlist
op-308,accent_1,2,#DCC777,auto_body_avatar_fixed_colorlist
op-308,accent_2,3,#D3C6B0,auto_body_avatar_fixed_colorlist
op-308,dark,4,#382E23,auto_body_avatar_fixed_colorlist
op-308,light,5,#FBEFD7,auto_body_avatar_fixed_colorlist
op-308,neutral,6,#6E6A62,auto_body_avatar_fixed_colorlist
op-308,support_7,7,#ACA08D,auto_body_avatar_fixed_colorlist
op-308,support_8,8,#9B854C,auto_body_avatar_fixed_colorlist
op-311,theme,1,#DBCBAC,auto_body_avatar_fixed_colorlist
op-311,accent_1,2,#473C2D,auto_body_avatar_fixed_colorlist
op-311,accent_2,3,#6B5944,auto_body_avatar_fixed_colorlist
op-311,dark,4,#241D13,auto_body_avatar_fixed_colorlist
op-311,light,5,#F7E8CA,auto_body_avatar_fixed_colorlist
op-311,neutral,6,#241D13,auto_body_avatar_fixed_colorlist
op-311,support_7,7,#D09158,auto_body_avatar_fixed_colorlist
op-311,support_8,8,#8A7C67,auto_body_avatar_fixed_colorlist
op-312,theme,1,#BF8F65,auto_body_avatar_fixed_colorlist
op-312,accent_1,2,#5D3313,auto_body_avatar_fixed_colorlist
op-312,accent_2,3,#6A4E37,auto_body_avatar_fixed_colorlist
op-312,dark,4,#382010,auto_body_avatar_fixed_colorlist
op-312,light,5,#FAE1B0,auto_body_avatar_fixed_colorlist
op-312,neutral,6,#382010,auto_body_avatar_fixed_colorlist
op-312,support_7,7,#82542D,auto_body_avatar_fixed_colorlist
op-312,support_8,8,#F1C693,auto_body_avatar_fixed_colorlist
op-314,theme,1,#BE967C,auto_body_avatar_fixed_colorlist
op-314,accent_1,2,#5F3113,auto_body_avatar_fixed_colorlist
op-314,accent_2,3,#8B4E1C,auto_body_avatar_fixed_colorlist
op-314,dark,4,#291E1A,auto_body_avatar_fixed_colorlist
op-314,light,5,#EDE3DA,auto_body_avatar_fixed_colorlist
op-314,neutral,6,#EDE3DA,auto_body_avatar_fixed_colorlist
op-314,support_7,7,#745D51,auto_body_avatar_fixed_colorlist
op-314,support_8,8,#F1D3A3,auto_body_avatar_fixed_colorlist
op-318,theme,1,#79B4D7,auto_body_avatar_fixed_colorlist
op-318,accent_1,2,#352F3F,auto_body_avatar_fixed_colorlist
op-318,accent_2,3,#A2BCAC,auto_body_avatar_fixed_colorlist
op-318,dark,4,#352F3F,auto_body_avatar_fixed_colorlist
op-318,light,5,#FAE4DF,auto_body_avatar_fixed_colorlist
op-318,neutral,6,#EBE5EC,auto_body_avatar_fixed_colorlist
op-318,support_7,7,#82777E,auto_body_avatar_fixed_colorlist
op-318,support_8,8,#C3BAC4,auto_body_avatar_fixed_colorlist
op-320,theme,1,#225357,auto_body_avatar_fixed_colorlist
op-320,accent_1,2,#8F6256,auto_body_avatar_fixed_colorlist
op-320,accent_2,3,#522926,auto_body_avatar_fixed_colorlist
op-320,dark,4,#15181F,auto_body_avatar_fixed_colorlist
op-320,light,5,#F3DFD3,auto_body_avatar_fixed_colorlist
op-320,neutral,6,#A8A1A1,auto_body_avatar_fixed_colorlist
op-320,support_7,7,#3A9894,auto_body_avatar_fixed_colorlist
op-320,support_8,8,#6B6E76,auto_body_avatar_fixed_colorlist
op-324,theme,1,#E74778,auto_body_avatar_fixed_colorlist
op-324,accent_1,2,#462F3B,auto_body_avatar_fixed_colorlist
op-324,accent_2,3,#9C828F,auto_body_avatar_fixed_colorlist
op-324,dark,4,#462F3B,auto_body_avatar_fixed_colorlist
op-324,light,5,#FAE5EB,auto_body_avatar_fixed_colorlist
op-324,neutral,6,#FAE5EB,auto_body_avatar_fixed_colorlist
op-324,support_7,7,#892443,auto_body_avatar_fixed_colorlist
op-324,support_8,8,#E97DA1,auto_body_avatar_fixed_colorlist
op-327,theme,1,#AC766B,auto_body_avatar_fixed_colorlist
op-327,accent_1,2,#35495C,auto_body_avatar_fixed_colorlist
op-327,accent_2,3,#E9B3A0,auto_body_avatar_fixed_colorlist
op-327,dark,4,#191A1E,auto_body_avatar_fixed_colorlist
op-327,light,5,#F4DED1,auto_body_avatar_fixed_colorlist
op-327,neutral,6,#191A1E,auto_body_avatar_fixed_colorlist
op-327,support_7,7,#554343,auto_body_avatar_fixed_colorlist
op-327,support_8,8,#BCACA6,auto_body_avatar_fixed_colorlist
op-333,theme,1,#967F86,auto_body_avatar_fixed_colorlist
op-333,accent_1,2,#5E537B,auto_body_avatar_fixed_colorlist
op-333,accent_2,3,#1B1317,auto_body_avatar_fixed_colorlist
op-333,dark,4,#1B1317,auto_body_avatar_fixed_colorlist
op-333,light,5,#FBECEB,auto_body_avatar_fixed_colorlist
op-333,neutral,6,#1B1317,auto_body_avatar_fixed_colorlist
op-333,support_7,7,#5D494E,auto_body_avatar_fixed_colorlist
op-333,support_8,8,#CFB7BC,auto_body_avatar_fixed_colorlist
op-335,theme,1,#EFEADC,auto_body_avatar_fixed_colorlist
op-335,accent_1,2,#EFEADC,auto_body_avatar_fixed_colorlist
op-335,accent_2,3,#14151D,auto_body_avatar_fixed_colorlist
op-335,dark,4,#14151D,auto_body_avatar_fixed_colorlist
op-335,light,5,#F6F2EE,auto_body_avatar_fixed_colorlist
op-335,neutral,6,#D7D3D1,auto_body_avatar_fixed_colorlist
op-335,support_7,7,#6D6E7A,auto_body_avatar_fixed_colorlist
op-335,support_8,8,#B6B1AC,auto_body_avatar_fixed_colorlist
op-339,theme,1,#EBBEC7,auto_body_avatar_fixed_colorlist
op-339,accent_1,2,#5A4650,auto_body_avatar_fixed_colorlist
op-339,accent_2,3,#935557,auto_body_avatar_fixed_colorlist
op-339,dark,4,#372226,auto_body_avatar_fixed_colorlist
op-339,light,5,#FCEBE6,auto_body_avatar_fixed_colorlist
op-339,neutral,6,#FCEBE6,auto_body_avatar_fixed_colorlist
op-339,support_7,7,#DAB876,auto_body_avatar_fixed_colorlist
op-339,support_8,8,#96777F,auto_body_avatar_fixed_colorlist
op-342,theme,1,#7F323C,auto_body_avatar_fixed_colorlist
op-342,accent_1,2,#7199B8,auto_body_avatar_fixed_colorlist
op-342,accent_2,3,#16141B,auto_body_avatar_fixed_colorlist
op-342,dark,4,#16141B,auto_body_avatar_fixed_colorlist
op-342,light,5,#F7EBE0,auto_body_avatar_fixed_colorlist
op-342,neutral,6,#BDBBBD,auto_body_avatar_fixed_colorlist
op-342,support_7,7,#676670,auto_body_avatar_fixed_colorlist
op-342,support_8,8,#493535,auto_body_avatar_fixed_colorlist
op-346,theme,1,#A47953,auto_body_avatar_fixed_colorlist
op-346,accent_1,2,#8F3536,auto_body_avatar_fixed_colorlist
op-346,accent_2,3,#E1C28F,auto_body_avatar_fixed_colorlist
op-346,dark,4,#35271C,auto_body_avatar_fixed_colorlist
op-346,light,5,#F9E8D5,auto_body_avatar_fixed_colorlist
op-346,neutral,6,#35271C,auto_body_avatar_fixed_colorlist
op-346,support_7,7,#C4A38D,auto_body_avatar_fixed_colorlist
op-346,support_8,8,#785030,auto_body_avatar_fixed_colorlist
op-347,theme,1,#3D4457,auto_body_avatar_fixed_colorlist
op-347,accent_1,2,#5F6D81,auto_body_avatar_fixed_colorlist
op-347,accent_2,3,#191D21,auto_body_avatar_fixed_colorlist
op-347,dark,4,#191D21,auto_body_avatar_fixed_colorlist
op-347,light,5,#D4D0CC,auto_body_avatar_fixed_colorlist
op-347,neutral,6,#808483,auto_body_avatar_fixed_colorlist
op-347,support_7,7,#4C5153,auto_body_avatar_fixed_colorlist
op-347,support_8,8,#2F3537,auto_body_avatar_fixed_colorlist
op-350,theme,1,#BB9A90,auto_body_avatar_fixed_colorlist
op-350,accent_1,2,#503B34,auto_body_avatar_fixed_colorlist
op-350,accent_2,3,#6D554D,auto_body_avatar_fixed_colorlist
op-350,dark,4,#2B1A15,auto_body_avatar_fixed_colorlist
op-350,light,5,#FDECE0,auto_body_avatar_fixed_colorlist
op-350,neutral,6,#FDECE0,auto_body_avatar_fixed_colorlist
op-350,support_7,7,#886E65,auto_body_avatar_fixed_colorlist
op-350,support_8,8,#A78076,auto_body_avatar_fixed_colorlist
op-352,theme,1,#F2F0F0,auto_body_avatar_fixed_colorlist
op-352,accent_1,2,#F2F0F0,auto_body_avatar_fixed_colorlist
op-352,accent_2,3,#161517,auto_body_avatar_fixed_colorlist
op-352,dark,4,#161517,auto_body_avatar_fixed_colorlist
op-352,light,5,#F2F0F0,auto_body_avatar_fixed_colorlist
op-352,neutral,6,#F2F0F0,auto_body_avatar_fixed_colorlist
op-352,support_7,7,#807E81,auto_body_avatar_fixed_colorlist
op-352,support_8,8,#4F4E50,auto_body_avatar_fixed_colorlist
op-353,theme,1,#28356F,auto_body_avatar_fixed_colorlist
op-353,accent_1,2,#71758B,auto_body_avatar_fixed_colorlist
op-353,accent_2,3,#464C6C,auto_body_avatar_fixed_colorlist
op-353,dark,4,#2B2730,auto_body_avatar_fixed_colorlist
op-353,light,5,#F4D9C5,auto_body_avatar_fixed_colorlist
op-353,neutral,6,#BDB4B5,auto_body_avatar_fixed_colorlist
op-353,support_7,7,#5C5054,auto_body_avatar_fixed_colorlist
op-353,support_8,8,#98827C,auto_body_avatar_fixed_colorlist
op-359,theme,1,#477DC0,auto_body_avatar_fixed_colorlist
op-359,accent_1,2,#6ACEE6,auto_body_avatar_fixed_colorlist
op-359,accent_2,3,#253665,auto_body_avatar_fixed_colorlist
op-359,dark,4,#14151B,auto_body_avatar_fixed_colorlist
op-359,light,5,#F2E9E8,auto_body_avatar_fixed_colorlist
op-359,neutral,6,#F2E9E8,auto_body_avatar_fixed_colorlist
op-359,support_7,7,#6A6D78,auto_body_avatar_fixed_colorlist
op-359,support_8,8,#AEACB5,auto_body_avatar_fixed_colorlist
op-363,theme,1,#328278,auto_body_avatar_fixed_colorlist
op-363,accent_1,2,#194B46,auto_body_avatar_fixed_colorlist
op-363,accent_2,3,#49B7AA,auto_body_avatar_fixed_colorlist
op-363,dark,4,#131819,auto_body_avatar_fixed_colorlist
op-363,light,5,#E9DBCF,auto_body_avatar_fixed_colorlist
op-363,neutral,6,#8B8D8E,auto_body_avatar_fixed_colorlist
op-363,support_7,7,#4C4D50,auto_body_avatar_fixed_colorlist
op-363,support_8,8,#ABAFB1,auto_body_avatar_fixed_colorlist
op-364,theme,1,#5E2A21,auto_body_avatar_fixed_colorlist
op-364,accent_1,2,#B26D50,auto_body_avatar_fixed_colorlist
op-364,accent_2,3,#191311,auto_body_avatar_fixed_colorlist
op-364,dark,4,#191311,auto_body_avatar_fixed_colorlist
op-364,light,5,#F1E9E6,auto_body_avatar_fixed_colorlist
op-364,neutral,6,#2C2725,auto_body_avatar_fixed_colorlist
op-364,support_7,7,#7E7372,auto_body_avatar_fixed_colorlist
op-364,support_8,8,#433C3A,auto_body_avatar_fixed_colorlist
op-369,theme,1,#607285,auto_body_avatar_fixed_colorlist
op-369,accent_1,2,#607285,auto_body_avatar_fixed_colorlist
op-369,accent_2,3,#121213,auto_body_avatar_fixed_colorlist
op-369,dark,4,#121213,auto_body_avatar_fixed_colorlist
op-369,light,5,#EAE1E0,auto_body_avatar_fixed_colorlist
op-369,neutral,6,#121213,auto_body_avatar_fixed_colorlist
op-369,support_7,7,#A79D9B,auto_body_avatar_fixed_colorlist
op-369,support_8,8,#4D4849,auto_body_avatar_fixed_colorlist
op-373,theme,1,#DFC7A7,auto_body_avatar_fixed_colorlist
op-373,accent_1,2,#584332,auto_body_avatar_fixed_colorlist
op-373,accent_2,3,#8E6F52,auto_body_avatar_fixed_colorlist
op-373,dark,4,#2A1A10,auto_body_avatar_fixed_colorlist
op-373,light,5,#F5E7DF,auto_body_avatar_fixed_colorlist
op-373,neutral,6,#ACA29D,auto_body_avatar_fixed_colorlist
op-373,support_7,7,#756A64,auto_body_avatar_fixed_colorlist
op-373,support_8,8,#AB8D6F,auto_body_avatar_fixed_colorlist
op-376,theme,1,#663132,auto_body_avatar_fixed_colorlist
op-376,accent_1,2,#C67372,auto_body_avatar_fixed_colorlist
op-376,accent_2,3,#181311,auto_body_avatar_fixed_colorlist
op-376,dark,4,#181311,auto_body_avatar_fixed_colorlist
op-376,light,5,#E8DFDF,auto_body_avatar_fixed_colorlist
op-376,neutral,6,#504D4E,auto_body_avatar_fixed_colorlist
op-376,support_7,7,#7F7373,auto_body_avatar_fixed_colorlist
op-376,support_8,8,#B5A4A6,auto_body_avatar_fixed_colorlist
op-377,theme,1,#9B6E65,auto_body_avatar_fixed_colorlist
op-377,accent_1,2,#292A79,auto_body_avatar_fixed_colorlist
op-377,accent_2,3,#452620,auto_body_avatar_fixed_colorlist
op-377,dark,4,#191515,auto_body_avatar_fixed_colorlist
op-377,light,5,#A7A1A2,auto_body_avatar_fixed_colorlist
op-377,neutral,6,#A7A1A2,auto_body_avatar_fixed_colorlist
op-377,support_7,7,#1D1C3A,auto_body_avatar_fixed_colorlist
op-377,support_8,8,#676164,auto_body_avatar_fixed_colorlist
op-378,theme,1,#2C4582,auto_body_avatar_fixed_colorlist
op-378,accent_1,2,#A04950,auto_body_avatar_fixed_colorlist
op-378,accent_2,3,#151518,auto_body_avatar_fixed_colorlist
op-378,dark,4,#151518,auto_body_avatar_fixed_colorlist
op-378,light,5,#F1E9E2,auto_body_avatar_fixed_colorlist
op-378,neutral,6,#ACABAA,auto_body_avatar_fixed_colorlist
op-378,support_7,7,#6F6B6A,auto_body_avatar_fixed_colorlist
op-378,support_8,8,#47161D,auto_body_avatar_fixed_colorlist
op-379,theme,1,#D01819,auto_body_avatar_fixed_colorlist
op-379,accent_1,2,#EFB2A8,auto_body_avatar_fixed_colorlist
op-379,accent_2,3,#E4827E,auto_body_avatar_fixed_colorlist
op-379,dark,4,#362D2C,auto_body_avatar_fixed_colorlist
op-379,light,5,#F7E2D8,auto_body_avatar_fixed_colorlist
op-379,neutral,6,#362D2C,auto_body_avatar_fixed_colorlist
op-379,support_7,7,#7A1715,auto_body_avatar_fixed_colorlist
op-379,support_8,8,#8F7D7B,auto_body_avatar_fixed_colorlist
op-381,theme,1,#EFE5DC,auto_body_avatar_fixed_colorlist
op-381,accent_1,2,#EFE5DC,auto_body_avatar_fixed_colorlist
op-381,accent_2,3,#121211,auto_body_avatar_fixed_colorlist
op-381,dark,4,#121211,auto_body_avatar_fixed_colorlist
op-381,light,5,#EFE5DC,auto_body_avatar_fixed_colorlist
op-381,neutral,6,#252524,auto_body_avatar_fixed_colorlist
op-381,support_7,7,#75716D,auto_body_avatar_fixed_colorlist
op-381,support_8,8,#AFA69F,auto_body_avatar_fixed_colorlist
op-384,theme,1,#727387,auto_body_avatar_fixed_colorlist
op-384,accent_1,2,#743547,auto_body_avatar_fixed_colorlist
op-384,accent_2,3,#36374B,auto_body_avatar_fixed_colorlist
op-384,dark,4,#121326,auto_body_avatar_fixed_colorlist
op-384,light,5,#F3F0F5,auto_body_avatar_fixed_colorlist
op-384,neutral,6,#F3F0F5,auto_body_avatar_fixed_colorlist
op-384,support_7,7,#B5B4C6,auto_body_avatar_fixed_colorlist
op-384,support_8,8,#525368,auto_body_avatar_fixed_colorlist
op-385,theme,1,#93A7C0,auto_body_avatar_fixed_colorlist
op-385,accent_1,2,#545ED0,auto_body_avatar_fixed_colorlist
op-385,accent_2,3,#AFB974,auto_body_avatar_fixed_colorlist
op-385,dark,4,#0F1A49,auto_body_avatar_fixed_colorlist
op-385,light,5,#EEDFDA,auto_body_avatar_fixed_colorlist
op-385,neutral,6,#EEDFDA,auto_body_avatar_fixed_colorlist
op-385,support_7,7,#141A6C,auto_body_avatar_fixed_colorlist
op-385,support_8,8,#1C232E,auto_body_avatar_fixed_colorlist
op-386,theme,1,#7F6F46,auto_body_avatar_fixed_colorlist
op-386,accent_1,2,#D9CC7A,auto_body_avatar_fixed_colorlist
op-386,accent_2,3,#925359,auto_body_avatar_fixed_colorlist
op-386,dark,4,#181615,auto_body_avatar_fixed_colorlist
op-386,light,5,#F6EDE5,auto_body_avatar_fixed_colorlist
op-386,neutral,6,#181615,auto_body_avatar_fixed_colorlist
op-386,support_7,7,#ACA6A3,auto_body_avatar_fixed_colorlist
op-386,support_8,8,#62605E,auto_body_avatar_fixed_colorlist
op-388,theme,1,#A88056,auto_body_avatar_fixed_colorlist
op-388,accent_1,2,#513621,auto_body_avatar_fixed_colorlist
op-388,accent_2,3,#18130E,auto_body_avatar_fixed_colorlist
op-388,dark,4,#18130E,auto_body_avatar_fixed_colorlist
op-388,light,5,#E8CFB9,auto_body_avatar_fixed_colorlist
op-388,neutral,6,#18130E,auto_body_avatar_fixed_colorlist
op-388,support_7,7,#6D6B63,auto_body_avatar_fixed_colorlist
op-388,support_8,8,#AFB4A9,auto_body_avatar_fixed_colorlist
op-394,theme,1,#3C4356,auto_body_avatar_fixed_colorlist
op-394,accent_1,2,#3133AD,auto_body_avatar_fixed_colorlist
op-394,accent_2,3,#292C7C,auto_body_avatar_fixed_colorlist
op-394,dark,4,#22293F,auto_body_avatar_fixed_colorlist
op-394,light,5,#EDE6DE,auto_body_avatar_fixed_colorlist
op-394,neutral,6,#949295,auto_body_avatar_fixed_colorlist
op-394,support_7,7,#71727B,auto_body_avatar_fixed_colorlist
op-394,support_8,8,#B9B3B3,auto_body_avatar_fixed_colorlist
op-396,theme,1,#6A6452,auto_body_avatar_fixed_colorlist
op-396,accent_1,2,#E6C877,auto_body_avatar_fixed_colorlist
op-396,accent_2,3,#BB8E43,auto_body_avatar_fixed_colorlist
op-396,dark,4,#1D1A15,auto_body_avatar_fixed_colorlist
op-396,light,5,#E3DBCB,auto_body_avatar_fixed_colorlist
op-396,neutral,6,#1D1A15,auto_body_avatar_fixed_colorlist
op-396,support_7,7,#B0A570,auto_body_avatar_fixed_colorlist
op-396,support_8,8,#A19986,auto_body_avatar_fixed_colorlist
op-397,theme,1,#7B5286,auto_body_avatar_fixed_colorlist
op-397,accent_1,2,#7B5286,auto_body_avatar_fixed_colorlist
op-397,accent_2,3,#1B1C1A,auto_body_avatar_fixed_colorlist
op-397,dark,4,#1B1C1A,auto_body_avatar_fixed_colorlist
op-397,light,5,#EDE5DC,auto_body_avatar_fixed_colorlist
op-397,neutral,6,#545152,auto_body_avatar_fixed_colorlist
op-397,support_7,7,#6F6E6B,auto_body_avatar_fixed_colorlist
op-397,support_8,8,#321F38,auto_body_avatar_fixed_colorlist
op-405,theme,1,#C6462A,auto_body_avatar_fixed_colorlist
op-405,accent_1,2,#AC9387,auto_body_avatar_fixed_colorlist
op-405,accent_2,3,#582C1F,auto_body_avatar_fixed_colorlist
op-405,dark,4,#26211F,auto_body_avatar_fixed_colorlist
op-405,light,5,#EEE0D8,auto_body_avatar_fixed_colorlist
op-405,neutral,6,#26211F,auto_body_avatar_fixed_colorlist
op-405,support_7,7,#F0DAA0,auto_body_avatar_fixed_colorlist
op-405,support_8,8,#974233,auto_body_avatar_fixed_colorlist
op-406,theme,1,#8F4664,auto_body_avatar_fixed_colorlist
op-406,accent_1,2,#C2A1B0,auto_body_avatar_fixed_colorlist
op-406,accent_2,3,#855CAA,auto_body_avatar_fixed_colorlist
op-406,dark,4,#261C25,auto_body_avatar_fixed_colorlist
op-406,light,5,#EEDCE0,auto_body_avatar_fixed_colorlist
op-406,neutral,6,#4E454B,auto_body_avatar_fixed_colorlist
op-406,support_7,7,#827278,auto_body_avatar_fixed_colorlist
op-406,support_8,8,#BD4352,auto_body_avatar_fixed_colorlist
op-412,theme,1,#5E3B3C,auto_body_avatar_fixed_colorlist
op-412,accent_1,2,#AB8483,auto_body_avatar_fixed_colorlist
op-412,accent_2,3,#312020,auto_body_avatar_fixed_colorlist
op-412,dark,4,#312020,auto_body_avatar_fixed_colorlist
op-412,light,5,#F5E8E2,auto_body_avatar_fixed_colorlist
op-412,neutral,6,#8C8383,auto_body_avatar_fixed_colorlist
op-412,support_7,7,#6C5E5E,auto_body_avatar_fixed_colorlist
op-412,support_8,8,#BEA9A6,auto_body_avatar_fixed_colorlist
op-413,theme,1,#2E3747,auto_body_avatar_fixed_colorlist
op-413,accent_1,2,#AC8680,auto_body_avatar_fixed_colorlist
op-413,accent_2,3,#6A4E50,auto_body_avatar_fixed_colorlist
op-413,dark,4,#191B25,auto_body_avatar_fixed_colorlist
op-413,light,5,#E2E4E7,auto_body_avatar_fixed_colorlist
op-413,neutral,6,#E2E4E7,auto_body_avatar_fixed_colorlist
op-413,support_7,7,#F6DFCF,auto_body_avatar_fixed_colorlist
op-413,support_8,8,#717C87,auto_body_avatar_fixed_colorlist
op-415,theme,1,#807E55,auto_body_avatar_fixed_colorlist
op-415,accent_1,2,#BBB467,auto_body_avatar_fixed_colorlist
op-415,accent_2,3,#4D4A31,auto_body_avatar_fixed_colorlist
op-415,dark,4,#1C1C1B,auto_body_avatar_fixed_colorlist
op-415,light,5,#F2F1E8,auto_body_avatar_fixed_colorlist
op-415,neutral,6,#1C1C1B,auto_body_avatar_fixed_colorlist
op-415,support_7,7,#B2B1A5,auto_body_avatar_fixed_colorlist
op-415,support_8,8,#696962,auto_body_avatar_fixed_colorlist
op-417,theme,1,#C59893,auto_body_avatar_fixed_colorlist
op-417,accent_1,2,#683839,auto_body_avatar_fixed_colorlist
op-417,accent_2,3,#8B605D,auto_body_avatar_fixed_colorlist
op-417,dark,4,#301A17,auto_body_avatar_fixed_colorlist
op-417,light,5,#FBEAE1,auto_body_avatar_fixed_colorlist
op-417,neutral,6,#FBEAE1,auto_body_avatar_fixed_colorlist
op-417,support_7,7,#594640,auto_body_avatar_fixed_colorlist
op-417,support_8,8,#A97B77,auto_body_avatar_fixed_colorlist
